date,category,press,title,document,link
2023.10.04. 오후 12:24,Politics,연합뉴스,"[속보] 방통위 '다음 中응원'에 ""해외세력, VPN 악용접속·매크로 조작""",,https://n.news.naver.com/mnews/article/001/0014236635?sid=100
2023.10.11. 오후 1:05,Politics,연합뉴스,국정감사 주재하는 장제원 위원장,"장제원 국회 과학기술정보방송통신위원회 위원장이 11일 오전 세종시 정부세종청사에서 열린 과학기술정보통신부, 우정사업본부 등에 대한 국정감사에서 발언하고 있다. 2023. 10. 11kjhpress@yna. co. kr",https://n.news.naver.com/mnews/article/001/0014254661?sid=100
2023.10.16. 오후 12:01,Politics,연합뉴스,기자회견 마친 이준석 전 대표,"국민의힘 이준석 전 대표가 16일 국회에서 현안 관련 기자회견 후 허은아 의원 등과 퇴장하고 있다. 이 전 대표는 해병대 채모 상병, 서이초 사건 등을 이야기 하다 눈물을 흘렸다. 2023. 10. 16xyz@yna. co. kr",https://n.news.naver.com/mnews/article/001/0014264893?sid=100
2023.10.09. 오후 1:52,Politics,뉴스1,'강서구청장 보궐선거 D-2',강서구청장 보궐선거를 이틀 앞둔 9일 서울 강서구 등촌동 주변에 선거 벽보가 붙어 있다. 2023. 10. 9/뉴스1,https://n.news.naver.com/mnews/article/421/0007097546?sid=100
2023.10.16. 오후 12:03,Politics,뉴시스,"'친명계 좌장' 정성호, 의대 증원 지지…""3무 정권 드디어 좋은 일 하나""","""역대 정권 눈치 본 의대 정원 확충…성과 내길 기대""  윤석열 정부가 추진 중인 의대 정원 확대 방안을 두고 야당인 더불어민주당에서도 지지한다는 목소리가 나왔다. 친명계 4선인 정성호 민주당 의원은 16일 페이스북에 ""의대 정원 확충, 말이나 검토가 아니라 진짜 실행한다면 역대 정권이 눈치나 보다가 겁먹고 손도 못 댔던 엄청난 일을 하는 것""이라고 밝혔다. 이어 ""무능·무책임·무대책의 3무 정권이 드디어 좋은 일 하나 하려는가 보다""라며 ""공공의료 확대 방안 등을 보완해 분명하게 추진해서 성과를 내길 바란다. 국민들도 지지할 것""이라고 썼다. 당정은 전날 밤늦게 삼청동 총리공관에서 협의회를 열고  의대 입학 정원 수와 확대 시기를 놓고 최종 조율했다. 다만 구체적인 정원 확대 규모를 다루지는 않았다. 정치권 안팎에선 현행 3058명인 의대 정원을 4000명대로 늘리는 방안이 유력한 것으로 전해졌다.",https://n.news.naver.com/mnews/article/003/0012148694?sid=100
2023.10.13. 오후 1:06,Politics,뉴스1,"[국감]국회 행안위, 선관위원장 배석 문제로 여·야 언쟁",13일 서울 여의도 국회에서 열린 행정안전위원회의 중앙선거관리위원회 등 국정감사에서 여·야 의원들이 노태악 선관위원장 배석 관련 언쟁을 벌이고 있다. 2023. 10. 13/뉴스1,https://n.news.naver.com/mnews/article/421/0007107647?sid=100
2023.10.13. 오후 12:31,Politics,연합뉴스,"감사원 국감, 감사위원 배석 문제로 파행",13일 국회 법제사법위원회에서 열린 감사원에 대한 국정감사가 감사위원 배석 문제로 여야 간 충돌하면서 파행을 겪고 있다. 2023. 10. 13uwg806@yna. co. kr,https://n.news.naver.com/mnews/article/001/0014260063?sid=100
2023.10.10. 오후 3:50,Politics,연합뉴스,2023 국방부 국정감사,2023 국정감사 첫날인 10일 서울 용산구 국방부 청사에서 열린 국방위원회의 국방부 등에 대한 국정감사에서 더불어민주당 관계자들이 의원석에 '부적격 신원식 국방부 장관 임명 철회하라!' 피켓을 붙이자 여당 의원들이 퇴장했다. 야당 의원들이 피켓을 제거했지만 여당 의원들은 입장하지 않고 있다. 2023. 10. 10 uwg806@yna. co. kr,https://n.news.naver.com/mnews/article/001/0014252479?sid=100
2023.10.15. 오후 10:08,Politics,연합뉴스TV,"[뉴스초점] 국민의힘 의원총회…""김기현 대표 중심 쇄신안 마련""","<출연 : 조청래 전 여의도연구원 부원장, 김성완 시사평론가>국민의힘이 긴급 의원총회를 열고 당 쇄신을 위한 난상토론을 벌였습니다. 단합을 강조하는 목소리뿐 아니라 혁신을 촉구하는 의견도 터져 나왔는데요. 의총 결론은 어떻게 나왔는지, 야권 정치 지형에는 어떤 영향을 줄지도 짚어봅니다. 조청래 전 여의도연구원 부원장, 김성완 시사평론가 어서오세요. 4시부터 시작된 국민의힘 긴급 의총이 4시간반만에 마무리됐습니다. 결국 김기현 대표를 중심으로 쇄신안을 마련하자는 쪽으로 의견이 모아졌네요? 김 대표 사퇴를 요구하는 당내 의견은 비교적 소수인 것으로 알려졌습니다. 하지만 현 지도부의 선거 전략이 패착이었고, 이를 책임져야 한다는 의견도 있는데요. 이 부분은 어떻게 보십니까? 어제 이철규 사무총장을 비롯한 임명직 당직자가 모두 사퇴했습니다. 현 김기현 대표 체제로 내년 총선을 치르겠다는 의미인데요. 김기현 지도부가 구상하고 있는 혁신안의 주요 내용은 무엇입니까? 8명의 후임 당직자 인선은 내일 최고위 회의를 거친 후 발표될 걸로 보입니다. 친윤계가 물러난 자리에 수도권 인사가 대거 합류할 거란 전망인데요. 거론되는 인물들은 누구입니까? 수직적 당정관계를 복원하는 것이 핵심인데 '김기현 2기 체제'가 출범한다 해도 가능하겠습니까? 반대로 김 대표 말고는 현실적인 대안이 없다는 의견도 있는데요? 여당은 임명직 당직자 전원 사퇴 카드로 쇄신의 첫발을 뗐습니다. 대통령실에서도 국정 기조에 변화를 준다거나 인위적인 개편 가능성 있을까요? 계파 갈등에서 벗어난 민주당은 분위기 반전을 모색하고 있습니다. 지금이 당내 화합과 대여 투쟁의 적기라는 평가인데요. 하지만 지명직 최고위원 인선, 가결파 의원에 대한 징계 문제 같은 갈등의 불씨는 여전해서요? 건강 회복 문제로 이재명 대표의 당무 복귀가 더뎌지고 있는 상황입니다. 이 대표에 대한 사법 리스크도 더해졌는데요. 내부에서 어떤 얘기들이 나오고 있나요?#국민의힘 #의원총회 #쇄신안 #더불어민주당연합뉴스TV기사문의 및 제보 : 카톡/라인jebo23",https://n.news.naver.com/mnews/article/422/0000624079?sid=100
2023.10.13. 오전 4:31,Politics,한국일보,민심 회초리에 김행 카드 접어... 尹 '마이웨이' 국정운영도 달라질까,"윤석열 대통령이 12일 김행 여성가족부 장관 후보자 카드를 끝내 접으며 민심의 회초리를 일단 맞았다. 자진사퇴 형식이긴 하나, 전날 서울 강서구청장 보궐선거 참패에 따른 책임을 피하지 않겠다는 제스처로 읽힌다. 이날 '사퇴 불가피'로 돌아선 여당의 요구를 주저 없이 받아들이는 모양새도 취했다. 하지만 윤 대통령의 '마이웨이' 국정운영 방식이 바뀔지는 여전히 미지수다. '쇄신'과 '소통'이라는 과제 앞에 얼마나 유연한 모습을 보일지가 관건이다. 이를 거부하고 당장의 불만을 수습하는 데 그친다면 내년 총선을 앞두고 최대 악재는 윤 대통령 본인일 수도 있다. 대통령실은 이번 선거에서 17%포인트가 넘는 격차로 패하자 꽤나 당황한 표정이었다. 구청장 선거가 총선 전초전으로 불리자, ‘너무 판이 커진 선거’라며 보궐선거에 애써 거리를 두던 당초 모습과 달리 이날은 “정부는 어떠한 선거 결과든지 엄중하게 받아들여야 한다는 입장”이라며 몸을 낮췄다. 김행 후보자에 대한 기류도 급변했다. 전날까지 대통령실 내부에선 “본인이 모든 의혹에 대해 결백을 주장하고 있고, 청문회 파행의 책임은 국회에 있다”는 목소리가 많았다. 아울러 이재명 대표의 사법 리스크를 가리려는 더불어민주당의 공세에 이균용 대법원장 후보자 임명동의안이 부결됐다고 보던 터라 김 후보자 임명 철회는 타협이 아닌 굴복으로 비칠 수도 있었다. 이런 상황에서 강서구청장 선거가 완패로 끝났다. 여권 관계자는 “윤 대통령 입장에선 패배한 첫 선거일 뿐 아니라, 김태우 후보에게 기회를 준 장본인이라는 프레임도 부담스러웠을 것”이라고 설명했다. 다만 대통령실은 김 후보자 사퇴 이후 아무런 입장을 내지 않았다. 이에 윤 대통령이 인사를 고리로 쇄신 의지를 보여줄 것이란 관측이 무성하다. 한 중진 의원은 “당도 바뀌어야 하지만, 정부와 여당에 등을 돌린 민심을 잡는 데는 대통령의 인적 쇄신 결단을 보여주는 게 가장 효과적”이라고 말했다. 윤 대통령은 그간 국면 전환이나 지지율 반등을 위한 인사는 없다고 강조해왔다. 다만 내년 총선 출마를 위해 물러나야 하는 참모진 교체와 맞물려 내달 대통령실의 대규모 인사 가능성이 점쳐진다. 한 여권 관계자는 “수석비서관급 참모의 경우 연말 혹은 연초까지 대통령실을 지켜야 한다는 분위기가 있었지만, 분위기 쇄신을 위해 국정감사가 끝나는 11월 대통령실 인사를 단행하자는 기류가 커지고 있다”고 말했다. 하지만 더 중요한 건 국정기조와 소통방식의 변화라는 지적이 만만치 않다. 윤 대통령이 대법원 확정 판결 3개월 만에 김태우 후보를 사면·복권하면서 선거 참패의 빌미가 됐지만, 그것만으로 현재 여권의 수세적 상황을 설명하기는 충분치 않기 때문이다. 여권 관계자는 “강서구청장 선거 결과는 홍범도 장군 논란처럼 이념 싸움에 몰입할 경우 총선에서 벌어질 결과를 미리 보여준 게 아니냐”고 진단했다. 이 관계자는 “이념을 앞세우면 지지층을 결집시킬 수 있을지 몰라도 통합, 경제, 민생에 가치를 두는 중도층의 마음은 잡을 수 없다”고 강조했다.",https://n.news.naver.com/mnews/article/469/0000764845?sid=100
2023.10.10. 오전 11:17,Politics,뉴스1,[국감]'국방부장관 임명 철회' 피켓 붙이는 민주당,국회사진취재단 = 10일 서울 용산구 국방부 청사에서 열린 국방위원회의 국방부 등에 대한 국정감사에서 더불어민주당 관계자들이 의원석에 ‘부적격 신원식 국방부 장관 임명 철회하라!’ 피켓을 붙이고 있다. 2023. 10. 10/뉴스1,https://n.news.naver.com/mnews/article/421/0007099017?sid=100
2023.10.06. 오후 2:09,Politics,뉴스1,"김태우 후보, 보궐선거 사전투표",김태우 국민의힘 강서구청장 보궐선거 후보가 6일 오후 서울 강서구 발산1동 주민센터에 마련된 사전투표소에서 투표를 하고 있다. 2023. 10. 6/뉴스1,https://n.news.naver.com/mnews/article/421/0007093133?sid=100
2023.10.13. 오전 7:04,Politics,문화일보,국가핵심기술 유출 방지 수사할 기술경찰 20명 불과,"정운천 국민의힘 의원, 12일 특허청 자료2017년 이후 해외 유출 우리나라 산업기술 128건 중 ‘국가핵심기술’ 유출은 39건전체 유출 산업기술의 30% 달해지난 2021년 출범한 ‘기술경찰’ 인력 20명에 불과, 적체 사건 늘어나기술경찰 적체사건, 지난 2019년 80건 -> 올해 7월 기준 170건으로 2배 넘게 증가특허청이 국가핵심기술의 해외 유출 방지를 위해 지난 2021년 세계 최초로 ‘기술경찰’ 을 도입한 이후 3년 내내 인력 증원이 없는 것으로 나타났다. 뿐만 아니라 핵심기술 해외 유출 관련 적체사건도 올해 170여 건까지 늘면서 대책 마련이 필요하다는 지적이 나오고 있다. 13일 국회 산업통상자원중소벤처기업위원회 소속 정운천 국민의힘 의원이 특허청 등에서 받은 자료를 분석한 결과, 지난 2017년 이후 해외에 유출된 우리나라 산업기술은 총 128건으로 확인됐다. 이 중 국가안보와 국민경제에 중대한 영향을 미치는 ‘국가핵심기술’ 유출은 총 39건으로 전체 유출된 산업기술의 30%에 달했다. 연도별로 살펴보면, 2017년 3건, 2018년 5건, 2019년 5건, 2020년 9건, 2021년 10건이었으며 지난해에는 4건이었다. 올해는 2023년 3건 발생한 것으로 나타났다. 국가핵심기술은 해외로 유출될 경우 국가의 안전보장 및 국민경제의 발전에 중대한 악영향을 줄 우려가 있는 반도체·디스플레이·자동차 등 12개 분야, 73개 기술로 산업통상자원부가 산업기술보호법에 따라 지정·고시한 기술이다. 해외로 유출된 국가핵심기술은 반도체가 9건으로 가장 많았다. 이어 디스플레이 8건, 조선 7건, 자동차 5건, 전기·전자 4건, 정보·통신 3건, 기타 3건 순이었다. 국가핵심기술 유출의 74% 가량이 우리나라 주력산업에 집중돼 있는 것이다. 특허청은 국가핵심기술의 해외유출을 방지하고, 우리 기업이 개발한 특허·디자인·영업비밀에 대한 침해 행위를 수사하기 위해 2021년 ‘기술디자인특별사법경찰’을 세계 최초로 출범했지만, 현재 인원이 20명에 불과해 적체사건이 증가하고 사건 처리 기간 또한 늘어나고 있다는 지적이다. 특허청에 따르면, 기술경찰 적체사건은 지난 2019년 80건이었으나 올해 7월 기준 170건으로 2배 넘게 증가했다. 정 의원은 ""국가산업기술 및 핵심기술을 지키는 것을 특허청의 최우선 과제로 삼고 기술경찰 조직과 인력, 예산을 대폭 확대해 우리나라 기술 안보를 강화해야 한다""고 강조했다.",https://n.news.naver.com/mnews/article/021/0002598805?sid=100
2023.10.05. 오후 5:09,Politics,머니투데이,"""이재명 얘기가 여기서 왜 나와""...유인촌 청문회서 여야 '고성'","여야가 5일 유인촌 문화체육관광부 장관 후보자에 대한 인사청문회에서 이명박정부 시절 이른바 문화예술계 '블랙리스트' 의혹을 놓고 공방을 벌였다. 야당은 유 후보자에 문체부 장관 재직 당시 블랙리스트를 관리했다는 의혹을 추궁했고 여당은 유 후보자가 관련된 의혹으로 수사를 받은 적이 없다며 반박에 나섰다. 이 문제를 서로 고성이 오가면서 한 때 청문회가 정회되기도 했다. 국회 문화체육관광위원회는 이날 오전 서울 여의도 국회에서 유 후보자에 대한 인사청문회를 실시했다. 임종성 더불어민주당 의원은 유 후보자에게 ""후보자가 인사청문회에서MB정부 블랙리스트에 대해 계속해서 없었다고 부인하는 것은 사실상 위증에 해당된다고 생각한다""며 '문화예술계 블랙리스트 진상조사 및 제도개선위원회가'가 이명박·박근혜 정부 당시 블랙리스트 사건의 경위와 사실관계 등을 기록한 백서에 유 후보자의 이름이 104번 언급됐다고 지적했다. 유정주 민주당 의원도 유 후보자를 향해 ""후보자를 문체부 장관으로 내정한다는 보도가 나가자 문화예술인들이 반대 성명을 냈다""며 ""후보자가 장관 시절에 어떤 것도 하지 않았다면 예술인들이 이렇게까지 반대할 리는 없다""고 했다. 이에 유 후보자는 ""이명박 정부에서 블랙리스트라는 말도 없었고 절대 존재하지 않았다""며 ""박근혜 정부 때 블랙리스트 백서를 만든 분들이 얼마나 심하게 조사를 했는지 얘기를 많이 들었고 장관 두 명과 비서실장, 청와대 수석과 행정관, 문체부와 한국문화예술위원회 직원 등이 구속되고 징계받았다. 그런데 제 이야기를 104번씩 거론하면서 저를 왜 구속 시키지 않았는지 궁금하다""고 말했다. 야당은 유 후보자 자식들의 아파트 매입과 관련한 탈세 의혹에 대해서도 공세를 펼쳤다. 앞서 유 후보자는 두 자녀가 아버지로부터 금전적 지원을 받아 각각 7억원, 17억원 상당의 아파트를 매입했으나 증여세 납부 내역을 공개하지 않아 탈세 의혹이 제기된 바 있다. 임오경 민주당 의원은 ""아들들의 능력이 뛰어난 것이냐 아니면 '아빠 찬스'를 사용한 것이냐""며 증여세 관련 자료 제출을 요구했다. 류호정 정의당 의원도 ""지난 정부를 거치면서 부모 찬스에 대한 국민들의 기준이 올랐다""며 ""자녀 문제가 아닌 후보자 본인이 적절하게 증여했는지에 대해서 증명을 하는 것이다. 본인 문제라고 인지하고 자료를 제출할 수 있도록 해달라""고 했다. 이에 유 후보자는 ""자녀들은 모두 독립된 생계를 갖고 있고 본인들도 공개를 거부하고 있어 지침대로 고지 거부를 한 것""이라며 ""증여세도 다 납부했다""고 했다. 여당은 유 후보자가 블랙리스트 관련 수사나 고소·고발에 연루된 적이 없다면서 엄호에 나섰다. 이용 국민의힘 의원은 ""문화계 블랙리스트 관련 후보자에 대해서는 별다른 고소나 고발이 전혀 없던 걸로 알고 있다""며 ""당시 같이 일했던 공무원들은  소신 있고 성과를 내는 장관이었다고 얘기해줬다""고 말했다. 김승수 국민의힘 의원은 "" 전혀 없는 사실을 갖고 계속 정치공세를 하고 있다""며 ""블랙리스트 문제를 두고  처벌된 적도 기소조차 된 적이 없다""고 했다. 배현진 국민의힘 의원은 ""문화예술계가 진영 논리에 휩싸여 좌지우지하는 논쟁은 더 이상 없었으면 좋겠다""며 "" 장관으로 임명되면 두루 많은 문화예술계 인사들을 만나시고 문화예술에 관한 증진을 위해 노력해달라""고 했다. 유 후보자는 ""지금은 과거에 매달리지 않고 앞으로 나아가야 할 일을 더 생각해야 할 때""라며 ""반대 의견을 가진 분들을 충분히 경청하겠다. 치유와 공감과 소통이 될 수 있는 문체부의 역할을 하겠다""고 밝혔다. 한편 청문회 중 국민의힘 측이 이재명 더불어민주당 대표의 혐의와 재판에 대해 거론하면서 소란이 일기도 했다. 이날 오후 보충질의에서 김 의원은 유 후보자가 블랙리스트에 연루된 직접적인 증거가 없다며 ""그런 논리라면 여러 범죄 사실이 소명됐고 수많은 증거 자료, 증인 자백이 있는 이 대표는 기소까지 됐고 재판을 앞두고 있는데 왜 책임지라고 이야기를 안 하느냐. 모순된 논리 아니냐""고 말했다. 이에 민주당 의원들은 ""이 대표 이야기가 여기서 왜 또 나오느냐""며 즉각 반발했다. 여야 간에 고성이 쏟아지자 문체위 위원장인 홍익표 민주당 원내대표는 청문회를 일시 정회했다.",https://n.news.naver.com/mnews/article/008/0004945629?sid=100
2023.10.16. 오후 3:35,Politics,뉴시스,증인 선서하는 정몽규 HDC그룹 회장,정몽규HDC그룹 회장이 16일 오후 서울 여의도 국회에서 열린 정무위원회의 공정거래위원회 등에 대한 국정감사에서 증인선서를 하고 있다. 2023. 10. 16. bjko@newsis. com공감언론 뉴시스가 독자 여러분의 소중한 제보를 기다립니다. 뉴스 가치나 화제성이 있다고 판단되는 사진 또는 영상을 뉴시스 사진영상부로 보내주시면 적극 반영하겠습니다.,https://n.news.naver.com/mnews/article/003/0012149382?sid=100
2023.10.12. 오후 4:57,Politics,뉴시스,"기재위 국감 '통계 조작' 공방 과열…여당 ""전 통계청장들 부르자""(종합)","여, 증인 채택 발언에 야 항의…간사 협의키로여, 문정부 '가계소득·소득분배' 지표 조작야, 감사원 감사 자체에 문제…""짜맞추기""통계청장 ""최종 감사 결과 지켜봐야 할 것"" 이승재  여야는 12일 국회 기획재정위원회 국정감사에서 문재인 정부의 통계 조작 의혹을 두고 공방을 벌였다. 여당은 통계 조작을 국기문란 행위로 규정하면서 이전 정부의 위법 가능성에 무게를 뒀다. 반면 야당은 이번 의혹의 발단인 감사원의 감사를 '조작·짜맞추기'라고 비판하면서 거세게 반발했다. 양측의 신경전이 과열되자 여당은 이 사건에 연루된 모든 통계청장을 증인으로 채택하자는 주장을 펼치기도 했다. 기재위 여당 간사인 류성걸 의원은 이날 통계청 등에 대한 국감에서 ""홍성국 더불어민주당 의원은  통계 조작이 박근혜 정부 당시 유경준 통계청장으로부터 시작됐다고 발언했다""며 ""이에 유경준 의원은 '통계 조작이 박근혜 정부에서 시작됐다면 여야 합의로 국정조사를 해야 할 사항'이라고 전했다""고 밝혔다. 이어 ""국정조사 이전에 기재위 국감에서 유경준 당시 통계청장과 후임인 황수경 통계청장, 통계 조작 핵심으로 지목되는 강신욱 전 통계청장을 증인으로 소환해달라는 두 번째 요구가 있었다""며 "" '증인으로 소환하면 기꺼이 자진해서 출석하겠다'고 했다. 이 부분에 관해서는 여야 간사 간 협의를 할 것""이라고 덧붙였다. 앞서 홍 의원은 박근혜 정부에서 중단하려던 가계동향조사를 문재인 정부 들어 중요성을 인식하고 다시 시작하려다 보니 시행착오를 겪는 과정 있었다는 취지로 발언한 바 있다. 만약 통계 조작이 있었다 해도 이전 정부에서 원인을 제공한 것이고, 애초에 정치적인 목적도 없었을 것이라는 뜻이다. 홍 의원은 ""모든 논란의 발단은 박근혜 정부 때 유 청장 시절에 시작된 것""이라며 ""가계동향조사를 해보니 양극화가 눈에 확 보였기 때문인데, 이는 시대적인 흐름이었다. 글로벌 금융위기 이후에 2010년대 모든 국가에서는 양극화가 굉장히 사회적으로 중요한 내용이었다""고 설명했다. 이어 ""그런데 이 통계를 없애겠다고 했기 때문에 문제가 발생한 것""이라며 ""2016년에 가계동향조사를 안 하겠고 해서 예산도 줄이고 인원도 줄였다""고 부연했다. 이전 통계청장들을 증인으로 채택해야 한다는 여당의 주장이 이어지자 야당 측에서는 고성이 터져 나오기도 했다. 서영교 민주당 의원은 ""유 의원을 왜 여기에 데려오나. 여기서 할 얘기인가""라며 거세게 항의했다. 이에 배준영 국민의힘 의원은 ""당시 통계청장인 유 의원이 나와서 발언하겠다면 그것도 존중할 수 있는 부분이라 생각한다""며 ""황수경 청장이 계속 패싱당했다고 하는데 와서 물어보면 확실한 것을 가지고 갑론을박하는 것 같고, 강신욱 전 청장의 경우에도 임명될 때 '좋은 통계로 보답하겠다'고 얘기했는데 그건 또 무슨 얘기인지 묻고 싶고 국민도 궁금해한다""고 반박했다. 그러면서 "" 당사자이니 동료 의원이 의견을 밝힌 거고 전직 청장으로 참석해 증언할 수 있다는 취지로 말한 것이니 여야 간사가 논의하고 마무리했으면 한다""고 했다. 여당은 가계소득과 소득분배 등 문재인 정부에서 작성된 각종 통계에서 조작 정황이 드러났다는 의혹을 제기했다. 윤영석 국민의힘 의원은 ""통계 조작은 국기문란 행위다. 모든 국가 정책의 근간이고 기초가 되는 것이기 때문""이라고 밝혔다. 윤 의원은 ""2017년 2분기 가계소득이 10년 만에 처음 감소한 것으로  나오자 당시 통계청이 통계 결과 산정 방법과 표준에 가중값을 임의로 적용해 가계소득이 증가한 것처럼 조작했다""며 ""표본설계 담당 부서는 가중값이 불안정하다는 이유로 반대했는데, 통계를 작성하는 부서에서 관여하지 말라며 강행한 것""이라고 주장했다. 이어 ""통계법에도 청장의 승인을 받도록 하고 있는데 당시 황수경 청장의 승인 없이 일방적으로 패싱했다""며 ""담당 부서를 패싱하고 통계법에 명확히 규정된 청장의 승인도 없이 이것을 강행했다면 입법 위반 아닌가. 불법 아닌가""라고 물었다. 이에 이형일 통계청장은 ""최종 감사 결과가 나오는 것을 지켜봐야 할 것 같다""고 답했다. 윤 의원은 ""2018년 3월에 소득분배가 악화될 것으로 예상되자 10가지 이상의 조정 시나리오를 만들어서 계산했다""며 ""소득분배가 개선된 것으로 값이 나올 때까지 통계를 조작했다는 것""이라고 주장했다. 그는 ""그렇게 해도 소득5분위배율이 2003년 이후에 최악인 6. 01로 나오자 결국은 취업자 가중값은 빼고 5. 95로 낮춰서 공표했다""며 ""이건 정말 국민들이 분노할 일 아닌가""라고 되물었다. 이 청장은 ""수사 과정에서 밝혀질 것이라 생각한다""면서도 ""다만 2018년에는  하지 않기로 했다가 국회 논의 과정에서 조사 재개가 2017년 말 확정됨에 따라 표본 확대에 대한 검토가 사전에 충분히 이뤄지지 않은 점도 영향을 미쳤다""고 설명했다. 야당은 문재인 정부에 대한 감사원의 강도 높은 감사 자체를 문제 삼았다. 한병도 민주당 의원은 ""통계청이 2년 4개월 동안 감사원 감사를 받아본 사례는 없다""며 ""매번 감사 기간을 연장하면서 감사하는 사례도 없다. 감사팀까지 변경해서 또 감사를 한다. 이런 사례도 없다""고 지적했다. 한 의원은 ""이번 감사가 얼마나 무리한 감사이고 특정 목적을 가지고 한 감사라는 것이 이 과정만 봐도 알 수 있다""며 ""감사원은 정치감사임을 스스로 증명하듯이 감사 내용을 언론에 흘리고 전 정부 흠집내기에 열을 올렸다. 중간 발표를 살펴보니 짜맞추기 감사이고, 조작 감사 그 이상도 이하도 아니라고 평가하고 싶다""고 비판했다. 또한 ""국정원이 과거 정치에 이런저런 방식으로 개입한 결과가 어땠나. 감사원의 이런 식의 운영 방식은, 무리한 방식은 내부에서부터 불만이 나올 것이고 역사적 평가를 분명히 받을 것""이라고 강조했다. 질의 과정에서 이 청장이 '수사 중인 사안'이라며 답하지 못하는 상황이 계속해서 나오자, 국민의힘 소속 김상훈 기재위원장이 중재에 나서기도 했다. 김 위원장은 ""국회에서 증언 및 감정 등에 관한 법률에 보면 수사 중이나 재판 중인 사안에 대해서는 답변을 거부할 수 있으나, 거부해야 되는 것은 아니다""며 ""국민들의 알 권리 충족과도 직결돼있으니 상황을 잘 판단해 답변해달라""고 했다. 그러자 홍영표 민주당 의원은 의사진행발언을 통해 ""통계청장 답변에 대해 마치 수사 중인 사건이니 답변을 해서는 안 된다는 걸 강조하는 식으로 말한 것에 대해 굉장히 유감""이라며 불만을 표출했다. 류성걸 의원은 ""위원장의 발언은 오히려 관련 사안을 충분히 답변하라는 취지""라고 했고, 김 위원장도 ""답변할 수 있는 내용은 답변하라는 취지로 이야기한 것""이라고 말했다.",https://n.news.naver.com/mnews/article/003/0012143134?sid=100
2023.10.14. 오전 3:01,Politics,조선일보,선거 지고도 조용한 與... 쇄신책 안내놓고 공천 눈치보며 침묵,"서울 강서구청장 보궐선거 완패 후 이틀이 13일 국민의힘 주변에선 절박함이나 긴장감을 찾을 수 없었다. “보선 결과를 엄중히 받아들인다”고 한 여당 지도부는 이날 선거 패배와 쇄신 방향에 대한 공개 발언을 거의 하지 않은 채 “의견을 다양하게 듣고 있다”는 정도만 밝혔다. 쇄신 요구는 주로 원외 인사가 했고, 현역 의원들이 포함된 의원 단체 대화방에선 공개 주장이 나오지 않았다. 한 여당 의원은 “지도부는 책임론을 걱정하고, 의원들은 공천에 불이익을 받을까 봐 선거가 아예 없었던 듯 행동하고 있다”고 했다. “무기력한 분위기”라는 것이다. 국민의힘은 이날 최고위원 회의를 열지 않았다. 대신 김기현 대표가 원내대표, 정책위의장, 최고위원 등 당 지도부를 차례로 불러 2시간 20분간 일대일 면담을 했다. 전날 비공개 최고위에서 일부 참석자가 “쇄신 차원에서 사무총장 등 당 임명직이 일괄 사퇴하자”고 주장한 사실이 외부에 알려지자 개별 면담으로 형식을 바꾼 것이다. 김 대표는 면담이 끝난 후 기자들과 만나 “보선 과정에서 나타난 여러 가지 민심 변화에 대해 ‘우리 당 체질을 어떻게 개선해서 국민의 사랑을 받을 수 있는 정당을 만들 것이냐’가 핵심 과제”라며 “다양한 의견을 듣고 있다”고 했다. 국민의힘은 일요일인 15일 의원총회를 열고 쇄신책을 논의할 예정이다. 여당 핵심 관계자는 “아무 일도 없었던 듯 지나가진 않을 것”이라고 했다. 국민의힘 지도부는 총선 준비 체제로 조기 전환해 보선 패배 충격을 극복하겠다는 계획이다. 혁신위원회 격인 미래비전특별위원회를 신설하고 김 대표가 위원장을 맡아 개혁을 주도해야 한다는 주장도 있다. 하지만 이를 놓고도 당내에선 “보선을 지휘했던 당 지도부가 혁신위원장을 맡겠다는 발상을 하다니 놀랍다”는 의견이 나온다. 당 관계자는 “선거 패배 다음 날 열린 비공개 최고위에서 참석자들이 특위 위원 인선안도 없이 ‘혁신이라는 말은 식상하니 미래, 비전으로 이름 짓자’고 말하는 것을 보면서 ‘총선까지 그냥 가자’는 뜻으로 읽혔다”고 했다. 지난 11일 강서구청장 보선에서 17%포인트 차로 완패하자 여당 내에서도 “이대로는 총선도 어렵다”는 위기감이 감지됐다. 의원들 사이에선 “대통령이 당 지도부에 ‘긴장감 없는 사람은 다 자르라’는 메시지를 전달했다”는 이야기도 돌았다. 안철수 의원은 이날MBC라디오에 출연해 윤석열 대통령에게 “정식 기자회견을 해서 ‘지금까지 어떤 일이 있었다’고 솔직하게 밝히고 ‘이런 문제에 대해서 이런 식으로 할 테니까 안심해 달라’고 하는 것들이 필요하다”며 국정 쇄신을 요청했다. 하지만 당 지도부가 책임지라는 공개 주장은 여당 의원들 사이에선 나오지 않고 있다. 과거처럼 초선 의원들이 연판장을 돌려 지도부에 전면적 쇄신을 촉구하는 움직임도 감지되지 않는다. 한 초선 의원은 “당정 일체 분위기 속에서 누구도 용산이 신임하는 당 지도부를 공개적으로 비판하기 어려운 분위기”라고 했다. 2020년 총선 때 수도권에서 대패했기 때문에 현역 의원은 대부분 영남권에 몰려 있다. 여당 관계자는 “수도권과 달리 영남은 아직 안정권이고, 이들에게 지도부가 주도하는 공천이 더 중요하기 때문에 변화에 적극 나설 이유가 별로 없다”고 말했다. 조용한 중앙당 분위기와 달리 수도권 출마 예정자들 사이에선 “영남과 강원 등 여당 텃밭 출신 지도부가 수도권 선거를 포기한 것 같다”는 이야기가 나왔다. 수도권의 한 당협위원장은 “강서구청장 선거에서 17%포인트 차로 진 것보다 그 후 이틀간 지도부가 보여준 행동이 열 배는 더 한심하고 절망적”이라고 했다. 윤희숙 전 의원은 이날CBS라디오에 출연해 “쇄신을 위한 구체적 안을 내놓는다거나 총선을 준비한다거나 이런 것은 지금 지도부로서는 역부족”이라며 “쇄신책, 총선 기획에서 종전 지도부의 영향력을 상당 부분 분리·배제하고 사람을 찾아야 한다”고 했다.",https://n.news.naver.com/mnews/article/023/0003793197?sid=100
2023.10.13. 오후 1:34,Politics,뉴스1,"[국감]박민식 ""정율성 기념사업, '상식의 눈'으로 본다면 중단해야""",박민식 국가보훈부 장관이 13일 서울 여의도 국회 정무위원회에서 열린 국가보훈부 등에 대한 국정감사에서 의원질의에 답변하고 있다. 2023. 10. 13/뉴스1,https://n.news.naver.com/mnews/article/421/0007107728?sid=100
2023.10.11. 오전 10:58,Politics,뉴시스,자리 향하는 한동훈 장관,한동훈 법무부 장관이 11일 오전 서울 여의도 국회에서 열린 법제사법위원회의 법무부 등에 대한 국정감사에서 선서증을 전달한 후 자리로 향하고 있다. 2023. 10. 11. scchoo@newsis. com공감언론 뉴시스가 독자 여러분의 소중한 제보를 기다립니다. 뉴스 가치나 화제성이 있다고 판단되는 사진 또는 영상을 뉴시스 사진영상부로 보내주시면 적극 반영하겠습니다.,https://n.news.naver.com/mnews/article/003/0012139193?sid=100
2023.10.11. 오후 5:14,Politics,한국경제TV,"국감서 의원 자료 훔쳐본 직원, 카메라에 딱 걸려","11일 국회 외교통일위원회 국정감사에서 피감기관 소속 직원이 국감장에 놓인 야당 의원의 질의자료를 훔쳐보다가 걸리는 일이 벌어졌다. 국정감사가 잠시 멈춘 이날 점심시간, 의원들이 자리를 비운 틈에 남북하나재단 소속의 직원 A씨가 더불어민주당 이원욱 의원의 자리에 놓은 질의자료를 허락 없이 살펴봤다. 이 장면은 국감장 내 방송중계시스템에 모두 기록됐다. 사실을 파악한 이 의원은 오후 국감이 재개되자 공식적으로 문제를 제기했다. 이 의원은 의사진행 발언에서 ""국회의원을 12년째 하고 있는데 피감기관이 국정감사 기간에 국회의원의 자료를 훔쳐보는 것은 처음 봤다""며 ""세상에 이런 일이 국회에서 벌어진다는 것에 경악을 금하지 않을 수 없다""고 말했다. 그러면서 ""이 문제는 어영부영 눈 감을 수 있는 문제가 아니라고 생각한다""며 ""이 문제를 어떻게 조치할 것인지 정확히 말해달라""고 했다. 김태호 외통위원장은 ""굉장히 부적절한 행동""이라고 비판하고, ""진위를 파악해 그에 걸맞은 조치가 있길 바라며, 결과를 보고해달라""고 재단에 요청했다. 이에 조민호 남북하나재단 이사장은 국감장에서 ""송구하게 생각한다. 진위를 파악해 조처하겠다""고 답변했다.",https://n.news.naver.com/mnews/article/215/0001128859?sid=100
2023.10.11. 오후 2:20,Politics,전자신문,선서하는 이종호 과기정통부 장관,"이종호 과학기술정보통신부 장관이 11일 오전 세종시 정부세종청사에서 열린 국회 과학기술정보방송통신위원회의 과학기술정보통신부, 우정사업본부 등의 국정감사에서 선서하고 있다. 〈연합뉴스〉",https://n.news.naver.com/mnews/article/030/0003143833?sid=100
2023.10.06. 오후 2:46,Politics,매일경제,[속보] 이균용 임명동의안 부결…민주화 이후 첫 사례,"이균용 대법원장 후보자 임명동의안이 6일 국회 본회의에서 부결됐다. 대법원장 임명동의안이 국회에서 부결된 것은 1988년 정기승 대법관 이후 35년 만이다. 이날 국회 본회의에서 이 후보자 임명동의안은 295명 가운데 찬성 118표, 반대 175표, 기권 2표로 부결됐다. 가결을 위해선 148표가 필요했으나 야권의 집단 반대표에 부딪혔다. 민주당은 본회의 직전 열린 의원총회에서 이 후보자 임명동의안에 대한 부결 투표를 당론으로 정한 뒤 표결에 임했다. 6석의 정의당 역시 당론 부결로 표결했다. 1988년 당시 정 대법관의 임명동의안이 부결된 것은 민주화 열기가 컸던 시기 노태우 대통령이 군사정권에 협력했다는 평가를 받는 정 대법관을 후보자로 지명한 데 따른 국회의 저항이라는 측면이 컸다. 반면 이번 대법원장 임명동의안 부결은 야당이 이 후보자의 적격성과 자질을 문제삼아 부결시킨 것이라는 차이가 있다. 대법원장 임명동의안이 가결되려면 재적 의원 과반 출석에 출석 의원 과반이 찬성해야 한다. 전체 의석 과반인 168석을 가진 민주당이 당론 부결로 표결에 임하면서 결과는 시작부터 정해진 것이나 다름이 없었다. 민주당이 당론 부결을 의결한 만큼 이탈표는 나오지 않았다. 홍익표 더불어민주당 원내대표는 이날 본회의에 앞서 열린 최고위원회의에서 “사법부 공백 우려 때문에 자격 없는 인사를 사법부 수장에 앉히도록 하는 것은 사법 불신이라는 더 큰 부작용을 불러온다”며 “대통령과 여당이 할 일은 국회와 야당에 대한 부당한 압박이 아닌 실패한 인사 검증에 대한 사과와 부적격 인사의 철회”라고 지적했다. 박용진 민주당 의원 등 대법원장 후보자 인사청문특위 야당 의원들은 이날 기자회견을 열고 “임명동의안에 압도적이고 단호한 부결을 요청한다”며 당론을 모으는데 주력했다. 법원행정처는 연휴 직후부터 야당 의원들을 만나 이 후보자가 공개적으로 비판했던 김명수 대법원장을 “발전적으로 계승하겠다”는 자료까지 만들어 설득에 나섰지만 전혀 먹혀들지 않았다.",https://n.news.naver.com/mnews/article/009/0005195657?sid=100
2023.10.05. 오후 9:33,Politics,연합뉴스,허무에서 길어 올린 빛나는 서사…욘 포세 작품 세계(종합),"'3부작' '아침 그리고 저녁' 등 국내 소개'거울' '가을날의 꿈' 등 희곡 작품도 국내 무대에 올라 송광호 최재서  ""이제 아이는 추운 세상으로 나와야 한다, 그리고 그곳에서 그는 혼자가 된다, 마르타와 분리되어, 다른 모든 사람과 분리되어 혼자가 될 것이며, 언제나 혼자일 것이다, 그러고 나서, 모든 것이 지나가, 그의 때가 되면, 스러져 다시 아무것도 아닌 것이 되어, 왔던 곳으로 돌아갈 것이다, 무에서 무로, 그것이 살아가는 과정이다, 사람이나, 동물이나, 새, 물고기, 집, 그릇, 존재하는 모든 것이…. ""5일 올해 노벨문학상을 받은 노르웨이 작가 욘 포세의 소설 '아침 그리고 저녁'에 나오는 한 구절이다. 짙은 허무에 깃든 외로움의 정서를 엿볼 수 있는 대목이다. '아침 그리고 저녁'은 포세가 2000년 발표한 소설이다. 인간 존재의 반복되는 서사, 생의 시작과 끝을 독특한 문체에 압축적으로 담아냈다. 저자는 고독하고 황량한 피오르를 배경으로 한 평범한 어부가 태어나고 또 죽음을 향해 다가가는 과정을 담담하게 이야기한다. 북유럽 문학의 기수로 불리는 포세는 선배 작가인 헨리크 입센, 스트린드베리의 문학적 전통을 잇는 작가로 손꼽힌다. 북유럽 특유의 철학적이고, 허무한, 그러나 반짝이는 순간을 포착해 탁월한 서사로 길어 올리는 작품을 써왔다. 그는 간결하고 음악적인 언어, 제자리를 맴도는 듯한 불투명한 서사, 심연에 파묻힌 인생의 환영을 통해 인간의 본원적 불안, 그리고 생명의 빛을 향한 희망의 시선을 소설, 시, 희곡 등의 작품에 녹여냈다. 국내에 소개된 대표 소설'3부작'도 그런 경향을 보여준다. 저자는 세상에 머물 자리가 없는 연인과 그들 사이에 태어난 한 아이의 이야기를 쓸쓸한 어조로 그린다. 가난하고 비루한 그들의 삶과 죽음을 통해 소박하고 거룩한 사랑, 달곰씁쓸한 희망과 좌절, 사라지는 것들과 영원히 이어질 것들을 그 특유의 문장에 담아 아름답고 서글프게, 신비롭고도 섬찟하게 그려 냈다. '잠 못 드는 사람들'과 '올라브의 꿈' 그리고 '해질 무렵' 세 편의 중편 연작을 한 권의 책으로 묶은 이 책은 2015년 북유럽 문학 최고의 영예인 북유럽 이사회 문학상을 받은 바 있다. 초기작 '보트하우스'도 눈길을 끈다. 작중 화자의 불안감을 드러내며 시작하는 도입부가 많은 현대 노르웨이 작가들에게 영감을 준 것으로 유명하다. 이름 없는 화자인 '나'와 그의 어린 시절 친했던 친구인 크누텐, 그리고 크누텐의 아내 세 사람 사이에 벌어지는 기묘한 사건이 관능적인 은유와 섬짓한 분위기 속에 펼쳐진다. 이 작품은 1997년 노르웨이에서 29분 분량의 중편영화로도 만들어진 바 있다. 희곡집 '가을날의 꿈'은 '어느 여름날' '가을날의 꿈' '겨울' 등 희곡 3편을 수록한 책이다. 짧고 서정적인 시어로 표현된 대사들이 작품에 여백을 만들어 내며 독특한 매력을 풍기는 작품들이다. 그의 희곡을 바탕으로 한 연극도 무대에 올랐다. '가을날의 꿈', '겨울', '이름', '기타맨', '어느 여름날' 등이 국내에서 초연된 바 있다. 그의 희곡은 가족 관계와 세대 간 관계를 통해 볼 수 있는 인생, 사랑과 죽음 같은 보편적인 삶의 모습들을 주로 다뤘다. 그는 단순하고 간결한 언어로 심오한 이야기를 만들어내는 장인이다. 쉼표 너머의 침묵, 그리고 내밀한 뉘앙스가 담긴 대사들을 통해서 말이다. 소설 '아침 그리고 저녁'의 추천사를 쓴 정여울 작가는 ""정제되고 차분한 언어로 선문답 같은 언어를 쓰지만, 그 이면에는 인간이 포기해선 안 되는 따스함과 아름다움을 이야기하는 작가""라고 말했다. buff27@yna. co. kr",https://n.news.naver.com/mnews/article/001/0014241983?sid=100
2023.10.16. 오후 4:56,Politics,뉴시스,질의하는 권칠승 의원,16일 오후 서울 용산구 국방부에서 열린 국회 법제사법위원회의 국방부 군사법원에 대한 국정감사에서 더불어민주당 권칠승 의원이 질의하고 있다.  2023. 10. 16. photo@newsis. com공감언론 뉴시스가 독자 여러분의 소중한 제보를 기다립니다. 뉴스 가치나 화제성이 있다고 판단되는 사진 또는 영상을 뉴시스 사진영상부로 보내주시면 적극 반영하겠습니다.,https://n.news.naver.com/mnews/article/003/0012149750?sid=100
2023.10.11. 오후 12:00,Politics,뉴스1,"국힘 ""민주당 정권 '선관위 해킹' 방치…발본색원해야""","김기현 ""책임 물어야…실태 파악도 안한 민주, 진실 밝혀내야""유상범 ""선관위 직무유기 참사"" 전주혜 ""대한민국의 구멍"" 신윤하  국민의힘은 11일 중앙선거관리위원회 투·개표 관리 시스템의 보안이 부실한 것으로 나타났다는 국가정보원 조사 결과와 관련해 선거관리 시스템을 방치한 자들을 문책하고, 선거 관리 시스템에 대한 실태 파악조차 이뤄지지 않은 이유를 밝혀내야 한다고 비판했다. 김기현 국민의힘 대표는 이날 자신의 페이스북을 통해 ""유치한 보안수준의 선거관리 시스템을 방치해둔 채 국민에게는 아무런 문제가 없다고 거짓말을 해 온 자들을 발본색원해 그 책임을 반드시 물어야 한다""고 밝혔다. 앞서 국정원은 전날 선관위 대상 합동 보안점검 결과 북한 해커조직 등 외부 세력이 대통령 선거·국회의원 선거 등 중요 선거에서 투·개표 결과를 조작할 수 있을 만큼 사이버 보안 관리가 허술한 것으로 나타났다고 밝혔다. 김 대표는 ""국정원은 최근 2년 간 선관위가 악성 코드와 해킹 메일 공격을 8차례 받았고, 이 중 7번이 북 정찰총국 소행으로 추정된다는 사실을 매번 통보했지만, 그때마다 선관위는 국정원의 보안 관련 경고를 거듭 무시하며 '해킹 우려가 없고 개표조작도 불가능하다'는 허언만 되풀이했다""면서 ""헌법기관이라며 '노터치 특권'을 줄창 내세우더니, 알고보니 '노터치 태만'의 무능한 조직이었던 것""이라고 주장했다. 그러면서 ""민주당 정권은 그동안 수많은 의혹 제기에도 불구하고 개선조치는커녕 실태 파악조차 하지 않고 버텼는데, 그들이 태만으로 시스템을 방치한 것이 아니라, 선거결과를 자신들의 입맛대로 조작하기 위한 대역 음모의 수단은 아니었는지, 그 진실 또한 철저히 밝혀내야 할 것""이라고 꼬집었다. 유상범 수석대변인도 이날 논평을 통해 "" 북한이 마음만 먹으면 투표 및 개표 결과를 포함한 관련 시스템을 얼마든지 왜곡하고 조작할 수 있다는 것을 의미한다""며 ""자유민주주의의 핵심이라 할 수 있는 선거의 관리시스템이 이렇게 허술하고 무방비인 상태로 방치돼 있었다는 사실에 경악하지 않을 수 없다""고 밝혔다. 유 수석대변인은 "" 선관위는 이번 결과를 두고도 ‘해킹 가능성이 곧바로 부정선거 가능성으로 이어지지 않으며, 부정선거는 다수의 내부 조력자가 조직적으로 가담하지 않고서는 불가능하다’는 등 변명으로 일관하며 축소에 급급한 모습만 보이고 있다""며 ""그간 선관위가 보여준 도덕적 수준을 생각하면, 내부 공모 가능성이 없다고 장담할 수 있겠냐는 비판의 목소리마저 나오는 상황""이라고 지적했다. 이어 ""지금의 결과는 정치적 중립성을 내세워 선관위가 성역이라도 되는 양 외부 감시나 보안 점검 등을 거부해 온 자만과 안일함이 부른 결과이자, 국민주권이 아닌 자기 밥그릇만 지키는데 더 혈안이 된 선관위의 직무유기가 초래한 참사""라며 ""선관위는 국민 앞에 사과함은 물론, 부실한 보안망을 꼼꼼히 정비하고 강화하는 시스템 개선의 가시적 결과를 국민에게 보고해야 한다""고 촉구했다. 전주혜 원내대변인도 이날 논평을 통해 ""국정원이 선관위를 상대로 가상해킹 공격을 한 결과는 가히 충격이었다""며 ""사전 투표자를 미투표자로 바꿀 수 있었고, 유령 유권자를 등록할 수도 있었다""고 말했다. 전 원내대변인은 ""이것이 헌법기관을 운운하며 감사도, 조사도, 점검도 거부하던 무소불위 권력기관, 아빠 찬스 선관위의 민낯""이라며 ""그런데도 선관위는 여전히 반성할 줄 모른다. '해킹 가능성이 부정선거 가능성은 아니다', '다수의 내부 조력자가 조직적으로 가담해야 해킹이 가능하다'며 국정원 발표를 불가능한 시나리오라고 치부했다""고 했다. 그는 ""어설픈 소쿠리 투표함과 북한 해킹에 무방비로 노출되고도 반성하지 않은 선관위였다""며 ""선관위의 구멍은 대한민국의 구멍이다. 구멍 난 선관위, 국민의힘이 낱낱이 밝히고 바로 세우겠다""고 했다.",https://n.news.naver.com/mnews/article/421/0007102048?sid=100
2023.10.11. 오전 7:48,Economy,헤럴드경제,"수출입銀, ‘중소중견기업 수출·해외진출’ 펀드 조성 추진","수은이 500억원 출자펀드 규모는 2000억원 이상 목표 한국수출입은행은 우리나라 중소·중견기업의 수출, 해외투자 등 해외진출 지원을 위한 펀드조성에 총 500억원을 출자한다고 11일 밝혔다. 이번 출자사업을 통해 수은은 원자재 가격 상승, 러-우크라 전쟁 등 대내외 경제여건 악화에 직면한 우리 중소·중견기업 지원을 강화할 예정이다. 최종적인 펀드 규모는 2000억원 이상을 목표로 한다. 특히 수은은 조성된 펀드가 비수도권에 소재한 기업에 투자할 경우 해당 투자금액 비율에 따라 수은에 귀속되는 수익의 일부를 운용사에 인센티브로 지급할 방침이다. 수은 관계자는 “우리 중소·중견기업의 대내외 경제여건 극복을 돕고, 지역 균형발전을 유도하기 위해 이번 펀드 조성에 나섰다”고 말했다. 수은은 올해 중소·중견기업 지원 강화를 위해 총 31조원 금융을 공급하겠다는 구상이다. 수은의 출자사업은 10일 수은 홈페이지에 공고됐다. 운용사가 선정되면 기획재정부 장관의 승인 절차를 거쳐 내년중 최종적인 펀드 결성을 목표로 하고 있다. 한편, 수은은 지난 상반기에 반도체·배터리·바이오·미래모빌리티·첨단전기전자 등의 첨단전략산업에 중점 투자하는 펀드를 조성하기 위해 1500억원을 출자한 바 있다.",https://n.news.naver.com/mnews/article/016/0002208063?sid=101
2023.10.04. 오후 3:26,Economy,머니투데이,"'철근누락' LH 16개단지 보강 완료, 남양주만 남았다","남양주 신혼희망타운 주민들의 先안전정밀진단 요구로 협의 불발, 공사 착수 못해철근 누락 단지로 확인된 한국토지주택공사 아파트 대부분이 보강공사를 완료한 가운데, 아직 1개 단지는 주민들과의 협의 불발로 공사에 착수 하지 못한 것으로 나타났다. 남양주 별내신도시A25블록에 들어선 신혼희망타운이다. 4일LH에 따르면 철근이 누락된 20개 단지 가운데 16개 단지에서 보강공사가 완료됐다. 나머지 4개 단지 가운데 3곳 음성은석A2블록, 공주월송A4블록, 아산탕정2A14블록 등 3곳은 이달초까지 보강공사를 마무리할 예정이다. 아직 공사에 착수하지 못한 단지는 남양주별내A25블록이다. 이 단지는 지난 7월말 발표에서 무량판 부분 기둥 302개 중 162개의 철근이 누락된 것으로 확인됐던 단지다. LH는 부실원인을 '시공오류'라고 밝혔다. 발표 당시 국토교통부는 7억5000만원을 들여 슬래브를 보완하는 방식으로 보강공사를 실시하겠다고 했었다. 목표로 제시한 공사 완료일은 9월 30일이었으나 일주일이 지난 지금까지도 보강공사에 착수하지 못한 상황이다. LH는 이 단지 주민들이 보강공사 착수 전 '정밀안전진단'을 요구하면서 협의가 지연됐다는 입장이다. 국토교통부가 세운 방침은 선 보강공사 후 안전점검'인데 주민들이 보강공사 전 안전진단 실시를 강하게 요청해 변수가 생겼다는 것이다. LH관계자는 ""지난 7월 국토부 방침이 제대로 세워지기 전에LH지역본부에서 주민들의 요청에 따라 정밀안전진단 계획과 보강공사 일정 등을 안내한 적이 있다""며 ""이후 국토부 방침이 세워지면서 보강공사 후 안전점검으로 순서가 바뀌었는데 주민들이 이를 받아들이지 않아 논의가 길어지게 됐다""고 설명했다. 실제LH경기북부지역본부는 국토부 발표가 있기 전인 7월 27일께 입주민들에게 '빠른 시일 내 정밀안전진단을 긴급 추진해 최종 보강방안·범위를 결정할 예정이며 시공사에서는 진단결과가 나오기 전에 긴급 보강공사를 진행할 예정'이라는 안내문을 공지한 바 있다. LH측은 ""주민들이 지하주차장이 아닌 주거동까지 안전진단을 요청하면서 의견 일치가 어려웠으나, 최근 회의에서 지하주차장에 대해서만 안전진단을 실시하는 쪽으로 의견이 모아지고 있다""며 ""안전진단 후 보강공사까지 완료되려면 시일이 좀 더 걸릴 것 같다""고 부연했다. 이와 관련, 일각에선LH가 도면 공개를 꺼리는 것이 아니냔 지적도 나온다. LH측은 ""주민들과 정밀안전진단 범위에 대한 합의만 이뤄지면 바로 공개 가능한 범위 내에서 구조계산값 등을 안전진단 업체에 제공할 예정""이라고 설명했다. 한편, 국토교통부와LH는 이달초까지 보강공사가 완료되는 19개 단지에 대한 안전점검을 준비 중이다. 늦어도 다음달이면 보강공사 완료 단지에 대한 안전점검이 진행될 것으로 보인다.",https://n.news.naver.com/mnews/article/008/0004944961?sid=101
2023.10.05. 오후 3:11,Economy,이데일리,[포토]벤처 캐피탈 업계와 인사 나누는 이영 장관,이영 중소벤처기업부 장관이 5일 오후 서울 영등포구 63스퀘어 기술보증기금 서울본부에서 열린 '벤처 캐피탈 업계 간담회'에서 관계자와 인사하고 있다.,https://n.news.naver.com/mnews/article/018/0005588850?sid=101
2023.10.12. 오후 3:33,Economy,연합뉴스,"[게시판] IBK증권, 비대면 증권계좌개설 이벤트",▲IBK투자증권이IBK기업은행과 함께 비대면 신규계좌 이벤트를 진행한다. IBK기업은행의 모바일 애플리케이션'i-ONEBank'를 통해IBK투자증권 계좌를 신규로 개설하는 고객에게 경품을 제공하는 행사로 기간은 11월 30일까지다. 해당 고객 중 3천명을 추첨해 스타벅스 커피·케이크 세트를 제공한다. 계좌 신설 후 1천만원 이상 거래한 고객 중 10명에게는 신세계상품권 20만원권을 증정한다.,https://n.news.naver.com/mnews/article/001/0014258141?sid=101
2023.10.13. 오후 3:09,Economy,헤럴드경제,"동부건설, KLPGA ‘2023 동부건설-한토신 챔피언십’ 홍보부스 운영","골프 칩샷 게임 이벤트 등 진행 동부건설은 자사가 주최하는KLPGA투어 ‘2023 동부건설-한국토지신탁 챔피언십’ 대회에서 홍보부스를 운영한다고 13일 밝혔다. 이달 12일부터 15일까지 4일간 익산CC에서 진행되는 이번 대회의 총 상금은 10억원으로 108명의 선수들이 참가한다. 특히KLPGA정규투어 중 유일하게 변형 스테이블포드로 경기가 진행돼, 선수들의 공격적인 플레이를 볼 수 있다는 설명이다. 동부건설은 이번 대회 홍보부스에서 지속가능한 기업을 키워드로 환경·사회·지배구조 친환경 건설 기업을 지향하는 경영철학을 표현했다. 지속가능한 10대 건설사로의 도약을 꿈꾸는 비전과 시공 실적, 센트레빌 아파트와 함께 동부건설KLPGA프로 골프단을 홍보하는 내용도 함께 선보인다. 대회장에 방문한 갤러리들을 위한 이벤트도 진행한다. 골프 칩샷 게임을 통해 제로웨이스트 친환경 용품 세트, 재활용 리유저블백 등을 경품으로 증정한다. 한편, 동부건설은 2018년 창단 이후KLPGA프로 골프단을 5년째 운영하고 있다. 지난해KLPGA투어 대상을 차지한 김수지 선수와 최근 데뷔 14년 만에 첫 우승을 거둔 박주영 선수를 비롯해 지한솔, 장수연 선수 등 국내 최정상급의 선수들이 활동 중이다. 또 이번 대회에서는 소아 희귀 난치 질환 환자 기부금을 마련하는 채리티 존을 9번 홀에 운영한다. 채리티 존에 선수들의 티샷이 안착되면 1인당 30만원의 기부금이 적립되며, 나흘간 조성된 최대 3000만원의 기부금을 전북대학교 어린이병원에 전달할 계획이다.",https://n.news.naver.com/mnews/article/016/0002209707?sid=101
2023.10.08. 오전 9:08,Economy,매일경제,배송하다 사고 몇번 나면 철창행?…보험사기로 몰렸다 [어쩌다 세상이],"보험사고는 우연성을 전제로 합니다. 보험가입자는 보험료를 내고 우연한 사고가 발생하면 보험금을 받을 수 있습니다. 하지만 보험계약은 내는 보험료보다 보험사고가 발생했을 때 받을 수 있는 보험금이 훨씬 크기 때문에 특성상 사행계약성이 있습니다. 그러다 보니 항상 보험가입자들의 도덕적 해이로 인한 문제들에 노출돼 있고 실제 고의로 사고를 발생시킨 뒤 우연히 사고가 일어난 것으로 가장해 보험금을 청구하는 사례가 계속 발생합니다. 보험사기죠. 심한 경우는 사망보험금을 노리고 피보험자를 살해한 뒤 사고로 가장하거나 장해보험금을 지급받기 위해 일부러 신체에 상해를 가하는 경우도 있습니다. 이보다 조금 덜하게는 보험금 청구에 필요한 보험서류를 위조하거나 달리 치료가 필요 없는 상태임을 알고도 입원치료를 받거나 적정한 수준을 현저히 초과해 과잉치료를 받는 사례도 있습니다. 이런 경우들은 만약 보험금을 지급받았다 하더라도 민사상 반환 책임을 지는 것은 물론 형사상 처벌을 받을 수도 있습니다. 이 중 꾸준히 문제가 되고 있는 것은 고의로 교통사고를 내고 적당히 입원치료를 받다가 합의금을 보험사로부터 지급받는 경우입니다. 흔히 나이롱 환자라고 부르죠. 혼자서 운전을 하다가 사고를 내기도 하지만 사전에 모의한 공범들과 함께 차량에 탑승해 사고를 내는 경우도 있습니다. 관련해 교통사고 발생 과정에서 너무 티가 나지 않는 이상 한 번 정도의 사고로 조사를 받게 되는 경우는 드뭅니다. 그러나 사고 발생 빈도가 일반 교통사고보다 높거나 함께 탑승한 동승자들이 중복되거나 또는 사고 이후 동승자들과 함께 병원에 입원하는 등의 사실이 발견되면 고의로 교통사고를 낸 사람으로 의심을 받기도 합니다. 문제는 이런 과정에서 억울한 피해자도 발생한다는 점입니다. 사례를 소개합니다. A씨는 직원 2명을 고용해 작은 가구배송 업체를 운영했습니다. A씨는 일을 하면서 종종 시간에 쫓기다 보니 급하게 운전을 하는 습관이 있긴 했지만 일부러 사고를 내거나 한 적은 없었습니다. 배송 중 사고가 나면 사고처리를 해야 하고 그렇게 되면 오히려 배송시간이 더 늦어지기 때문입니다. 배송을 할 때는 가구의 무거운 특성상 항상 직원들이 동승했습니다. 그러던 중 A씨는 직원들과 함께 업무 외적으로 볼 일이 있어 편도 2차선 도로를 주행했습니다. 때마침 도로 우측에 있는 진입로에서 진입한 상대 차량이 방향지시등도 켜지 않은 채 2차로를 넘어 1차로까지 단번에 차선을 변경했습니다. A씨는 피하려고 했으나 상대 차량은 계속해서 차선을 넘어 왔고 A씨가 속도를 줄였지만 결국 충돌하고 말았습니다. A씨와 직원들은 사고처리를 마친 뒤 인근 병원에 함께 입원해 며칠 동안 치료를 받았습니다. 그런데 상대 차량의 자동차 보험사로부터 뜻밖에도 보험사기가 의심된다며 손해배상을 해줄 수 없다는 통지를 받았습니다. 급기야 얼마 후 경찰서로부터 보험사기로 조사를 받으러 오라는 통보까지 받았습니다. 알고 보니 A씨는 이 사고 전에도 5건의 교통사고가 있었는데, 모두 경미한 경우가 대부분인 데다 직원들과 함께 동승한 상태에서 사고가 났다보니 보험사가 고의로 교통사고를 낸 것으로 의심한 것입니다. 결국 보험사가 경찰서에 A씨의 보험사기 혐의에 대해 조사를 해달라고 진정을 제기한 것이죠. 다행히 A씨는 배송 중 교통사고가 발생하면 고객들이나 거래처에 해명하기 위해 상세한 기록을 남기고 사진을 촬영하며 블랙박스 영상을 따로 저장하는 습관이 있었습니다. 이런 습관 때문에 보험사기 혐의를 받는 사고들이 대부분 업무 중 직원들이 탑승한 상태에서 발생한 사고라서 고의사고를 낼 이유가 없다는 점을 증명할 수 있었습니다. 그 결과 ‘혐의 없음’으로 불송치 결정을 받았습니다. 법무법인 한앤율 한세영 변호사는 “운전을 직업으로 하거나 운이 좋지 않아 자주 사고가 발생하는 경우에 해당한다면 사고가 발생한 때 무슨 일을 하고 있었는지 차량으로 이동하는 목적이 무엇이었는지 정도의 자료를 확보해 두는 게 억울한 보험사기로 몰리는 것을 피하는데 도움이 될 수 있다”고 조언했습니다.",https://n.news.naver.com/mnews/article/009/0005196160?sid=101
2023.10.05. 오후 3:06,Economy,데일리안,"신한라이프, 병원비 줄여주는 ‘신한 홈닥터의료비보장보험’ 출시","신한라이프는 실손보험과 일반 정액보험의 장점을 결합한 ‘신한 홈닥터의료비보장보험’을 출시했다고 5일 밝혔다. 이 상품은 고령화와 장기 생존, 의료기술 발달 등으로 의료비가 지속해서 상승하는 가운데 주계약만 가입해도 모든 질병과 재해로 인한 의료비를 보장해 고객의 부담을 실질적으로 덜어주기 위해 기획됐다. 가입 후 질병, 재해, 수술, 입원, 통원 등으로 인한 연간 본인부담 급여의료비 총액이 100만원을 넘으면 단계별로 본인부담금을 보장하며, 종속특약 가입 시 연간 본인부담 급여의료비를 최대 2000만 원까지 보장받을 수 있다. 더불어 보험금 지급 후 한도가 소멸하는 기존 건강보험과는 다르게 매년 계약일 기준으로 주계약 보장 금액이 새롭게 충전돼 만기까지 동일하게 보장하는 특징도 갖고 있다. 이 밖에도 입원, 수술, 통원 등 다양한 보장을 탑재한 독립특약으로 고객의 나이, 건강 상태, 생활 습관 등에 최적화된 맞춤형 보험을 설계할 수 있다. 보험 가입에 대한 니즈가 높지만 쉽게 가입하지 못했던 유병력자도 고지 항목 통과 시 간편심사형 상품으로 가입이 가능하다. 보험기간은 15년 만기이며, 전기납 상품이다. 일반형은 만 15세부터 70세까지, 간편심사형은 30세부터 70세까지 가입할 수 있으며, 최소 보험료는 1만원이다. 신한라이프 관계자는 “이 상품은 실손보험이 있는 고객이 가입하는 경우 더욱 촘촘한 보장을 받을 수 있는 상품”이라며 “앞으로도 고객 관점에서 꼭 필요한 보장이 무엇인지 고민하고 이를 만족시킬 수 있는 상품을 개발해 나가겠다”고 말했다.",https://n.news.naver.com/mnews/article/119/0002755229?sid=101
2023.10.02. 오전 7:52,Economy,디지털타임스,인뱅 3곳 못 당하는 5대 은행… 1인당 생산성에서 확실히 드러났다,"전통은행과 인터넷전문은행 간 조직·효율성 격차가 갈수록 커지고 있다. 5대 시중은행은 올해 상반기까지 1년간 800명이 넘는 인원을 줄이면서 직원 1인당 생산성이 크게 개선됐지만 우리은행의 1인당 이익은 케이뱅크의 약 절반에 불과해 생산성이 가장 저조한 것으로 나타났다. 2일 은행연합회에 공시된 각 은행의 경영공시 보고서에 따르면 시중은행들의 공격적 희망퇴직 정책 등의 영향으로 5대 은행의 전체 국내 인원은 작년 6월 6만8228명에서 올해 6월 6만7408명으로 최근 1년 사이 820명이 은행을 떠났다. 인원이 가장 많이 줄어든 곳은KB국민은행이었다. 우리은행도 200명이 넘는 직원이 짐을 쌌다. 신한은행과NH농협은행, 하나은행에서도 각 149명, 107명, 38명이 감소했다. 하지만 후발주자 인터넷 은행 카카오뱅크, 토스뱅크, 케이뱅크는 달랐다. 오히려 281명, 154명, 64명씩 인원이 늘었다. 같은 기간 5대 은행에서는 영업점도 141개나 문을 닫았다. 작년 6월 3770개였던 영업점이 올해 같은 달 현재 3628개만 남았다. 생산성에 있어서도 5대 은행은 인터넷은행을 따라가지 못하고 있다. 5대 은행 가운데 올해 6월 기준으로 직원 1인당 이익이 가장 많은 곳은 하나은행이었다. 이어NH농협은행,KB국민은행, 신한은행, 우리은행 순으로 생산성이 높았다. 인터넷은행 3사 중에서는 케이뱅크의 생산성이 1위였다. 토스뱅크와 카카오뱅크으로 시중은행 모두에 앞서고 있다. 특히 직원 한 사람이 평균적으로 벌어들이는 이익은 케이뱅크가 우리은행의 거의 두 배에 이르렀다. 5대 전통은행·3대 인터넷은행 생산성·조직 비교※ 각 은행 경영공시 보고서 취합※ 생산성 : 직원 1인당 충당금 적립전 이익생산성평균 국내인원평균 국내 영업점 수2023. 62022. 6증감2023. 62022. 6증감2023. 62022. 6증감KB국민1. 791. 370. 4216,25516,578-323759828-69신한1. 771. 650. 1213,21313,362-149682695-13하나2. 191. 530. 6611,57311,611-38562575-13우리1. 591. 540. 0613,10013,303-203662701-39NH농협1. 881. 270. 6113,26713,374-107963971-8카뱅2. 532. 170. 361,4271,146281110케뱅3. 002. 300. 7049743364110토스2. 73-2. 114. 84420266154110",https://n.news.naver.com/mnews/article/029/0002828077?sid=101
2023.10.02. 오전 6:00,Economy,뉴스1,분양가 낮추고 인기 평수 늘리고…울산 분양 참패 고리 끊었나?,"1년 반 만에 최고 청약 경쟁률 기록…건설사들 ""미달 피하는 데 사활""  지난달 울산 지역에서 분양에 나선 아파트 1개 단지가 평균 청약 경쟁률 1대 1을 넘기며 '분양 참패'의 고리를 끊었다. 다만 해당 아파트 단지가 분양가를 인하하며 재분양 끝에 미달 사태를 피한 데다 다른 건설사들의 분양 일정 눈치보기가 계속되고 있어 시장 반등을 낙관하기엔 이르다는 관측에 무게가 실린다. 2일 울산 건설업계, 한국부동산원 청약홈 등에 따르면 지난달 말 청약을 마감한 문수로 금호어울림더퍼스트의 평균 청약 경쟁률은 1. 2대 1로 울산 아파트 분양 시장에서 1년 반 만에 최고치를 기록했다. 지난해 4월 평균 청약 경쟁률 8. 44대 1을 기록한 문수로푸르지오어반피스 이후 울산에서 가장 좋은 청약 성적표를 받은 것이다. 문수로푸르지오어반피스 이후 울산에서 현재까지 분양에 나선 15개 단지 중 2개 단지를 제외하고 모두 대규모 미달 사태를 겪으며 분양 참패가 이어졌다. 미달 사태를 피한 2개 단지는 이번에 분양한 문수로금호어울림더퍼스트와 지난해 8월 분양한 울산대공원한신더휴이다. 울산대공원한신더휴의 경우 평균 청약 경쟁률 1. 03대 1을 기록하며 가까스로 미달 사태를 피했다. 지난달 울산 지역 아파트 분양 시장이 반등의 기미를 보였지만 아직 안심하기 어렵다는 것이 업계 관계자들의 중론이다. 미달 사태를 피한 문수로금호어울림더퍼스트의 경우 지난해 10월 이미 분양에 나섰다 '참패'를 겪은 바 있다. 기존보다 9000만원 가량 낮춘 분양가를 낮추면서 재분양을 마무리할 수 있었다는 평가가 나온다. 또한 지역 건설사들의 분양 눈치보기가 계속되고 있는 분위기다. 실제 지난달 분양 예정으로 알려졌던 2개 단지 모두 1~2달씩 일정이 미뤄진 상태다. 한 건설사 관계자는 ""분양 일정을 마지노선까지 미룬 건설사들이 연말 분양에 나설 것으로 보이지만 낙관적하긴 이르다""며 ""시공 원가 때문에 더는 분양가를 낮출 수 없으면 수요가 많은 중형 평수 세대수 비중을 늘리는 등 어떻게든 미달 사태를 피하려고 고심하는 상황""이라고 말했다.",https://n.news.naver.com/mnews/article/421/0007083589?sid=101
2023.10.04. 오후 4:24,Economy,서울경제,대우건설 ‘논산 푸르지오 더 퍼스트’ 청약지원센터 운영 [집슐랭],"대우건설은 충남 ‘논산 푸르지오 더 퍼스트’ 분양에 앞서 청약지원센터를 운영하고 있다고 4일 밝혔다. 논산 푸르지오 더 퍼스트 청약지원센터는 논산시 연무읍 안심리에 위치한다. 방문 고객들은 단지의 특장점에서부터 청약 자격, 유의사항 등과 관련한 상담을 받을 수 있다. 방문객 전원에게 사은품을 증정한다. 분양 물량의 상당수가 특별공급으로 나온 만큼 생애최초, 신혼부부, 다자녀, 노부모부양, 기관추천 등 특별공급 유형에 대한 안내를 받을 수 있다. 특별공급은 세대주·세대원 전원 무주택인 세대에서 1명만 신청 가능하며, 청약통장 가입기간과 면적별 예치금을 충족 해야한다. 단지가 들어서는 논산시는 비규제지역이라 청약 요건이 까다롭지 않다. 청약통장 가입 후 6개월이 지나면 1순위 청약 자격이 주어진다. 주택을 보유하거나 세대주가 아니어도 청약을 넣을 수 있다. 논산은 물론 충남 전역과 세종, 대전까지 1순위로 청약 가능하다. 재당첨 제한도 적용 받지 않으며 전매 기간 및 횟수 제한이 없는 점도 특징이다. 단지는 전용면적 84·103㎡ 총 433가구로 구성된다. 논산 최고 29층 높이의 압도적 전망을 자랑하고, 지상에는 차가 없는 공원형 랜드마크 단지로 조성된다. 타입별로 4베이-4룸, 대면형 주방 등의 구조를 갖춘다. 피트니스, 골프연습장, 독서실, 어린이집, 게스트하우스, 새싹정류장 등 다양한 입주민 커뮤니티시설도 들어선다. *‘집슐랭 연재’ 구독을 하시면 부동산 시장 및 재테크와 관련한 유익한 정보를 실시간으로 생생하게 전달받으실 수 있습니다.",https://n.news.naver.com/mnews/article/011/0004245085?sid=101
2023.10.16. 오전 11:12,Economy,머니S,NH농협은행 올원뱅크 가입자 1000만명 돌파,"NH농협은행은 종합금융플랫폼'NH올원뱅크' 1000만 고객 달성을 기념해 16일부터 오는 11월30일까지 네 차례에 걸쳐 이벤트를 실시한다고 밝혔다. 1회차 이벤트는 두 가지 방식으로 진행된다. NH올원뱅크 이벤트 탭에서 혜택정보 푸시 알림 동의하고 이벤트 응모하기를 누르면 완료된다. 해당 고객 중 매일 1만명 추첨을 통해NH포인트를 제공한다. 2회차 이벤트는 홍보모델 한소희의 축하영상을 활용한 퀴즈 이벤트로 정답 댓글을 남긴 고객 중 추첨을 통해NH올원뱅크 달력을 제공한다. NH농협은행 관계자는""1000만고객 돌파를 기념해 그동안NH올원뱅크를 아끼고 성원해준 고객들께 감사의 마음을 담아 이번 이벤트를 준비했다""며 ""고객 중심의 서비스를 강화하여 농협은행의 대표플랫폼으로 도약할 수 있도록 노력하겠다""고 말했다.",https://n.news.naver.com/mnews/article/417/0000955175?sid=101
2023.10.27. 오후 1:40,Economy,파이낸셜뉴스,"금융당국 수장들, 은행 횡재세 도입 주장에 '신중론'[2023국감]","김주현 금융위원장 ""고금리로 많은 사람 어려워. . 나라마다 정책 장단점 있고 나라별 특유한 사정 있어""이복현 금감원장 역시 ""단정적으로 말씀 못드린다"" 금융당국 수장들이 27일 이자 장사로 막대한 수익을 거둔 은행에 대한 횡재세 도입 주장과 관련해 신중한 입장을 취했다. 이날 국회 정무위원회의 금융당국 종합 국정감사에서 김성주 더불어민주당 의원은 유럽 각국의 은행 초과이익에 대한 횡재세 도입 움직임을 거론하며 ""조세저항이 있을 수 있으니 대안으로 유럽연합이 도입하고 있는 연대 기여금 같은 방안을 우리나라도 진지하게 고민해볼 필요가 있다""고 했다. 이에 대해 김주현 금융위원장은 ""고금리로 많은 사람들이 어렵고 고민하고 있어서 나름대로 여러 노력을 해왔는데 나라마다 정책 내용이 다른 것은 다 장단점이 있고 그 나라 특유의 사정이 있기 때문""이라며 ""우리 정부의 생각은 어려운 분들이 고비를 넘기기 위해 할 수 있는 것은 다 한다는 것""이라고 답했다. 이어 ""다만 어떤 방법이 좋은지는 우니나라의 특성에 맞게끔 하겠다""며 ""종합적으로 계속 고민하겠다""고 말했다. 이복현 금융감독원장도 ""은행 이익과 관련한 국민 고통 지적을 인지하고 있어서 여러 노력을 해오고 있으나 많이 부족하다는 지적을 받아들이고 있다""며 ""각국의 여러 정책을 눈여겨보고 있지만 그것은 정부 내에서 해야 하기 때문에  단정적으로 말씀을 못 드린다""고 했다.",https://n.news.naver.com/mnews/article/014/0005092171?sid=101
2023.10.16. 오후 2:38,Economy,한국경제,"기업은행, 장애인 근로자 '나눔여행' 실시","기업은행은 지난 11~12일 전북 전주에서 장애인 근로자를 위한 ‘열린관광지 나눔여행’을 실시했다고 밝혔다. 열린관광지 나눔여행은 중소‧중견기업에 재직하고 있는 장애인 근로자의 근로의욕 제고 및 복지 향상을 위한 무료 여행 프로그램이다. 열린관광지란 장애인, 고령자, 임산부, 영유아 동반 가족 등 관광취약계층을 포함한 모든 관광객이 불편함 없이 이용할 수 있는 관광지로 전주를 포함해 전국 132개 지역이 해당된다. 참여기업은 장애인 근로자를 채용한 신성피앤텍, 이온폴리스, 우광테크, 천우굿프랜즈, 한국후꼬꾸 등 인천 소재 5개 중소기업이며 총 21명의 장애인 근로자와 가족들이 전주동물원, 한옥마을, 한지만들기 체험 등 다양한 프로그램에 참여했다. 여행에 참여한 근로자는 “평소에 가족들과 함께 여행하기 힘들었는데 이번 행사를 통해 행복한 시간을 보낼 수 있었다”며 “앞으로도 중소기업 근로자를 위한 행사가 많았으면 좋겠다”고 말했다. 기업은행 관계자는 “향후 나눔여행 사업지 추가를 통해 장애인 근로자 수혜지역을 확대할 예정”이라고 밝혔다. 기업은행은 근로자 휴가지원, 워케이션 프로그램, 문화복지 바우처 등 중소기업 근로자 복지 증진을 위한 다양한 사회공헌사업을 지속 추진하고 있다.",https://n.news.naver.com/mnews/article/015/0004902597?sid=101
2023.10.11. 오전 6:00,Economy,파이낸셜뉴스,"[출근길Money]중동 갈등에 국내은행 금리도 '촉각'...""영향 제한적이지만 모니터링 필요""","하마스-이스라엘 간 무력 충돌에7%대 대출금리 더 오를까 '촉각'""유가 상승이냐, 불확실성 확대냐관건은 확전 여부. . . 모니터링 必"" 팔레스타인 무장정파 하마스와 이스라엘 간 무력 충돌이 발생하면서 국내 금융권에 미칠 영향에도 관심이 쏠린다. 이번 전쟁으로 미국 국고채 금리 상승이 예상되는 만큼 이와 비슷한 추이로 움직이는 국내 은행 금리도 오를 가능성이 점쳐진다. 다만 미 연방준비제도의 금리 정책에 시장 관심이 쏠려 있고 러시아-우크라이나 전쟁과 달리 이스라엘-하마스 간 전쟁은 단기간 마무리될 가능성이 크다는 예상에 그 영향은 크지 않을 것이라고 전문가들은 예측한다. 11일 금융권에 따르면 팔레스타인-이스라엘 갈등이 약 9년 만에 재점화되면서 국내 은행에서도 이를 예의주시하고 있다. 대표적으로 지정학적 불확실성 확대가 국내외 국채 금리가 상승하는 요인으로 작용할 수 있다는 분석이 나온다. 안재균 신한투자증권 연구원은 보고서에서 ""이스라엘 사태가 마냥 미국 국채 금리 하락 요인이 아닐 수 있다""며 ""한국의 경우 유가에 더욱 민감한 경제 구조라는 점에서 국고채 금리 상방 압력 자극 요인으로 바라볼 필요가 있다""고 해석했다. 미국이 이스라엘 지원을 확실시하며 향후 전선이 확대되면 일반적으로 안전자산 선호도가 높아지지만 고물가와 고금리가 굳어질 확률이 높은 상황에서 국채는 제외될 수 있다는 설명이다. 은행권 대출금리도 이런 영향에서 자유롭지 않다. 은행이 자금을 조달하는 방식 중 하나인 은행채 금리는 미국 국채 금리 등이 오르면 함께 오르는 경향이 있기 때문이다. 은행채 금리와 코픽스 등이 은행권 대출금리의 기준금리로 쓰이는 만큼 은행권 자금조달비용이 커지면 대출금리가 오르는 결과로 이어질 수 있다. 이미 5대 시중은행 대출금리 상단은 7%대까지 올랐다. 반면 이번 사태를 계기로 미 연준의 긴축 의지가 꺾일 것이라는 예상도 나온다. 공동락 대신증권 연구원은 ""유가가 출렁이니 그에 대한 부담이 있을 수 있지만 상대적인 힘을 비교하면 경제 전반의 불확실성이 높아지고 안전자산 선호가 일어난다""며 ""불안한 상황에서 연준도  금리를 올리기 부담스러울 것""이라고 설명했다. 은행권에서는 두 가지 시나리오 중 후자에 무게를 더 두고 있다. 이는 채권 금리를 낮추고 대출금리가 오히려 하락하는 요인이 된다. 은행권 한 관계자는 ""전날 채권 시장도 예상과 달리 강세으로 움직이고 있다""며 ""시장은 두 나라의 전쟁보다는 미 연준의 금리 정책에 더 관심을 보이고 있다""고 전했다. 또 다른 은행권 관계자도 ""이스라엘-하마스 충돌로 인한 불안감이 높으나 2021년 이스라엘-팔레스타인 전쟁이 11일간 지속된 바 있고, 이번 사태도 확전 또는 장기화할 가능성은 크지 않다는 점에서 국내 채권시장에 미치는 영향은 제한적일 것""이라며 ""다만 이란 등 주변 산유국으로의 확전 가능성과 국제유가 상승 등에 대해서는 지속해서 모니터링 할 필요가 있다""고 말했다.",https://n.news.naver.com/mnews/article/014/0005083889?sid=101
2023.10.21. 오후 1:29,Economy,부산일보,"‘시세조정 의혹’ 카카오, ‘주가조작’ 영풍제지…배신에 개미들 ‘패닉’","카카오 주가 4만 원 아래로 추락경영진 사법리스크 심화 원인영풍제지 주가 조작 혐의로 거래 정지키움증권에서만 5천억 미수금미국발 긴축 장기화 우려와 이스라엘-팔레스타인 전쟁 등에 연일 추락하고 있는 증시에 시장 신뢰를 무너뜨리는 사건이 연이어 발생하고 있다. 국민주로 불리는 카카오는SM엔터테인먼트 인수 과정에서 주가를 조작한 혐의를 받고 있고, 올해 들어 9배 넘게 폭등한 영풍제지는 주가조작으로 거래가 정지됐다. 이 영향에 카카오의 주가는 3년 5개월 만에 4만 원 밑으로 추락했고, 영풍제지는 거래가 중지된 상태다. 21일 한국거래소에 따르면 유가증권시장에서 카카오는 전날보다 1450원 하락한 3만 9050원에 거래를 마쳤다. 카카오 주가가 4만 원 밑으로 떨어진 것은 2020년 5월 이후 약 3년 5개월 만이다. 불과 2년 전인 2021년 9월 30일에 비해서는 67%나 하락했다. 카카오 주가가 추락하는 것은 지난해 10월 판교 데이터센터 화재, 경영진의 도덕적 해이 논란에 이어 사법리스크까지 불거지고 있는 영향이 크다. 금융당국에 따르면SM엔터 주가 시세조정 의혹을 수사하는 금융감독원 특별사법경찰은 오는 23일까지 김범수 미래이니셔티브센터장에게 출석하라고 통보했다. 앞서 특사경은 지난 8월 김 센터장의 사무실을 압수수색한 데 이어 직접 시세조정 의혹에 대해 강도 높은 조사를 예고하고 있다. 금감원은 지난 2월SM인수전 과정에서 카카오가 주가를 인위적으로 끌어올려 하이브의 공개매수를 방해한 것으로 보고 있다. 특히 2월 16일IBK투자증권에서 발행주식의 2. 9%에 달하는 대규모 거래가 체결됐는데 당시 매수 주문을 넣었던 사모펀드 원아시아파트너스와 친분이 있던 카카오의 2인자 배재현 투자총괄 대표는 이미 구속된 상태다. 이에 따라 금감원은 김범수 센터장 역시 이 같은 사안에 직간접적으로 개입했는지 여부를 집중적으로 조사할 것으로 관측된다. 올해 들어 무려 9배 폭등하며 개미투자자들의 큰 관심을 받아왔던 영풍제지에서는 주가조작 사태가 발생했다. 전날 영풍제지 주가조작 의혹과 관련해 의심되는 피의자들이 검찰에 구속됐다. 서울남부지법 김지숙 영장전담 부장판사는 이날 자본시장법 위반 혐의를 받는 윤모씨와 이모씨에 대한 구속 전 피의자 심문을 한 뒤 ""증거인멸 및 도망할 염려가 있다""며 구속영장을 발부했다. 무상증자를 반영한 수정주가 기준으로 올해 초 5829원이었던 영풍제지는 지난 8월 5만 원대까지 올랐다. 금융감독 당국은 최근 영풍제지의 주식 이상 거래 정황을 포착해 패스트트랙으로 검찰에 사건을 넘긴 것으로 전해졌다. 이에 검찰은 지난 17일 이들의 체포영장을 집행하고 주거지 등을 압수수색해 관련 자료를 확보한 뒤 지난 19일 구속영장을 청구했다. 문제는 영풍제지 주가가 지난 18일 하한가를 기록한 뒤에 거래가 정지되며 대규모 반대매매 사태가 발생했다는 점이다. 증권가에 따르면 개인투자자들이 주로 이용하는 키움증권에서만 약 5000억 원 규모의 미수금이 발생했다. 키움증권은 전날 영풍제지 하한가로 인해 고객 위탁계좌에서 미수금 4943억 원이 발생했다고 공시했다. 키움증권은 ""반대매매를 통해 미수금을 회수할 예정""이라며 ""고객의 변제에 따라 최종 미수채권 금액은 감소될 수 있다""고 했다. 이어 ""손실과 관련한 확정사항이 있을 경우 재공시하겠다""고 덧붙였다. 금융투자협회에 따르면 영풍제지가 하한가로 급락한 지난 18일 위탁매매 미수금 잔고는 7623억 원으로 집계됐다. 이에 대해 다음날 증권사에서 나간 실제 반대매매 금액은 5257억 원으로, 금융투자협회가 관련 통계를 집계하기 시작한 2006년 이후로 최대 규모다. 시장 관계자는 ""대내외 악재에 산적한 상황에 시장 신뢰성을 해치는 주가 조작이나 시세 조정 등의 사건이 발생해 유감""이라며 ""가뜩이나 혼란한 시장이 더 흔들릴 것으로 우려된다""고 지적했다.",https://n.news.naver.com/mnews/article/082/0001237840?sid=101
2023.10.23. 오전 9:40,Economy,연합뉴스,"우리금융, 사내 소통 캠페인 '우리 한 컷 릴레이' 진행",우리금융그룹은 전 그룹사 직원들과 사내 소통 캠페인 '우리 한 컷 릴레이' 이벤트를 진행했다고 23일 밝혔다. 사진은 임종룡 우리금융그룹 회장이 자회사CEO및 임직원들과 조직문화 혁신을 다짐하며 기념 촬영하는 모습. 2023. 10. 23 photo@yna. co. kr,https://n.news.naver.com/mnews/article/001/0014279962?sid=101
2023.10.13. 오후 2:15,Economy,디지털타임스,"GS건설, 품질향상 위한 `파격 인사`…본부장급 20여명 교체","GS건설이 조직을 개편하고 파격적인 인사를 단행했다. GS건설은 예년보다 한 달가량 앞서 조직개편을 단행했다고 13일 밝혔다. 조직개편을 통해 조직 분위기를 쇄신하고, 풍부한 전문 인력을 임원으로 선임해 품질을 향상한다는 방침이다. 이번 조직개편에서GS건설은 기존 6개 부문, 9개 본부 체제를 통합해 10개 본부로 재편했다. 조직을 축소해 이슈에 발빠르게 대응할 수 있는 체제를 구축했다. 또 전년 대비 3배에 달하는 17명의 신임 상무를 선임하고, 20여명의 기존 본부장급 조직장들을 교체했다. 내부 승진 및 외부영입을 통해 40대 젊은 임원으로의 세대교체 기틀도 마련했다. 현장 경험이 풍부한 전문 인력을 대거 임원으로 선임해 품질 이슈에 적극적으로 대응한다는 계획이다. GS건설 관계자는 ""인적 쇄신을 기반으로 새로운 도약의 기반을 마련하고, 전사적 품질 향상을 통해 보다 안정화된 국내외 사업경쟁력을 확보하겠다""고 말했다.",https://n.news.naver.com/mnews/article/029/0002830195?sid=101
2023.10.20. 오전 9:11,Economy,뉴시스,"비트코인, 3900만원 임박…리플 소송 취하에 강보합","비트코인, 0. 72% 오른 3898만원리플은 700원  비트코인이 소폭 상승하며 3900만원 돌파를 앞뒀다. 간밤 미국 증권거래위원회가 리플 경영진에 대한 소송을 취하하면서 투심을 자극한 것으로 보인다. 20일 오전 8시30분 기준 비트코인은 국내 가상자산 거래소 빗썸에서 24시간 전보다 0. 07% 하락한 3890만원을 기록했다. 같은 시간 업비트에서는 0. 72% 오른 3898만원에 거래됐다. 가상자산 시황 중계 사이트 코인마켓캡에서는 24시간 전보다 1. 22% 상승한 2만8693달러를 나타냈다. 이더리움 상승은 제한적이다. 같은 시각 이더리움은 빗썸에서 0. 28% 오른 212만원을, 업비트에서는 0. 33% 하락한 213만원을 기록했다. 코인마켓캡에서는 0. 21% 오른 1567달러에 거래됐다. 이더리움은 비트코인을 제외한 나머지 대체 가상자산인 알트코인 중 시가총액이 두 번째로 크다. 리플 소송 취하 소식이 이날 상승을 견인했다. 리플을 둘러싼 법적 리스크가 희석되면서 전체 코인 시장이 활기를 띤 것이다. 리플은 비트코인, 이더리움과 함께 '코인 3대장'으로 꼽히는 만큼 다른 코인 시세에도 영향을 주는 경향이 있다. SEC는 19일 아날리사 토레스 미국 뉴욕 지방 판사에게 보낸 문서를 통해 ""브래드 갈링하우스 리플 최고경영자와 크리스 라슨 리플 공동 설립자에 대한 소송을 진행하지 않겠다""고 전했다. 갈링하우스CEO는 이날 X를 통해 ""그동안SEC는 무자비한 시도를 통해 우리를 공격했다. 이들은 미국 소비자와 기업 보호에 실패했으며 많은 납세자들의 돈이 낭비됐다""며 ""마침내 정당성을 입증하게 돼 기쁘다""고 밝혔다. 한편 이번 소식에 리플 가격도 급등했다. 같은 시간 리플은 빗썸에서 8. 79% 상승한 717원에, 코인마켓캡에서 4. 88% 오른 0. 5123달러에 거래되고 있다. 이날 뉴욕증시는 국채금리 상승에 일제히 하락했다. 다우지수는 0. 75%,S&P500은 0. 85% 각각 내렸다. 가상자산 시장과 밀접하게 연동되는 것으로 알려진 나스닥지수는 0. 96% 밀렸다. 한편 글로벌 가상자산 데이터 조사 업체 얼터너티브에서 집계하는 '공포·탐욕 지수'는 이날 53점을 기록하며 '중립적인' 수준을 나타냈다. 전날보다 올라간 수치다． 해당 지수는 0으로 갈수록 시장 심리가 극단적 공포에 가까움을 나타내며 100에 가까울수록 극단적 낙관을 의미한다．",https://n.news.naver.com/mnews/article/003/0012158219?sid=101
2023.10.12. 오전 9:46,Economy,뉴시스,"""소상공인 대출금리 매년 올라""…토스뱅크 7.8% 최고","은행권 개인사업자 대출 잔액 448. 9조…고금리에 소상공인 고통  고금리 장기화로 인해 가계·기업 할 것 없이 빚폭탄 우려가 제기되고 있는 가운데 특히 소상공인 등 개인사업자 대출 규모와 금리가 급증한 것으로 나타났다. 12일 금융감독원이 국회 정무위원회 소속 강민국 국민의힘 의원에게 제출한 자료에 따르면 20개 은행의 소상공인 등 개인사업자 대출 건수는 2020년 353만건에서 2021년 404만8000건, 2022년 454만7000건, 2023년 9월까지 453만7000건 등으로 빠르게 증가하고 있다. 개인사업자 대출 증가 추세는 전체 기업대출에서 차지하는 비중으로도 확인할 수 있는데 지난해의 경우 개인사업자 대출은 전체 기업대출의 77. 6%를 차지했다. 개인사업자 대출잔액도 빠르게 불어나고 있다. 2020년 386조1000억원에서 2021년 423조원, 2022년 442조7000억원 등으로 불어난 데 이어 올해 9월말 기준 448조9000억원을 기록 중이다. 개인사업자 대출잔액의 증가세는 소상공인 등의 사업장 사정이 그만큼 어렵다는 방증이기도 하다. 올해 9월말 기준 개인사업자 대출잔액이 가장 많은 은행은 국민은행이며 대출건수로는 농협은행이 가장 많았다. 문제는 개인사업자 대출 급증과 맞물려 금리도 역시 오르고 있어 소상공인들이 이중고를 겪고 있다는 것이다. 소상공인 등 개인사업자의 대출 평균 금리는 2020년 2. 70%, 2021년 2. 94%, 2022년 4. 96%, 2023년 9월말 5. 21%로 매해 오르고 있다. 같은 기간 전체 기업대출 평균 금리가 2. 70%에서 5. 02%로 증가한 것과 비교하면 증가폭도 더 가파르다. 올해 9월말 기준 개인사업자 대출 평균 금리가 가장 높은 은행은 토스뱅크로 7. 79%에 달헀다. 이어 카카오뱅크와 씨티은행이 각각 6. 08%, 6. 06%로 뒤를 이었다. 강 의원은 ""소상공인 등 개인사업자들의 대출 이자 부담이 늘어나면 연체율도 높아지게 되며 이는 개인사업자와 나아가 가계 부채 증가로 도미노처럼 이어질 수 있다""며 ""개인사업자에 대한 평균 금리가 이미 7%대까지 진입한 현 시점에서 금융위원회는 남은 4분기 내 대출 이자 인하를 적극 검토해야 한다""고 지적했다．",https://n.news.naver.com/mnews/article/003/0012141456?sid=101
2023.10.20. 오후 4:17,Economy,부산일보,"신한은행, 부동산 중개업소 연계 '전세자금대출' 서비스 출시","신한은행은 국내 대표 프롭테크 기업 ‘더비즈’와 제휴하고 한국부동산원 및 국토부 전자계약API를 활용한 부동산 중개업소 연계 전세자금 대출 프로세스 구축 사업을 추진하고 있으며 서비스 출시를 앞두고 있다고 20일 밝혔다. ‘더비즈’는 폭넓은 부동산 중개 매물정보, 콘텐츠 개발 및 솔루션을 제공하고 있으며 공인중개사 2만여 회원을 보유하고 있다. 신한은행은 ‘더비즈’와의 제휴를 통해 ‘더비즈’ 회원 부동산 중개업소에서 체결되는 전세계약 건에 대해 신한은행 쏠에서 바로 진행되는 대출 서비스를 제공할 예정이다. △대출 신청 시 전세계약 및 임차목적물 정보 자동 입력 △전자방식 전세계약서 등 증빙서류 자동확인과 같은 기능들이 포함돼 있어 고객들은 더욱 편리하고 신속하게 전세자금대출을 이용할 수 있다. 신한은행은 빠르면 오는 11월 중 해당 서비스를 시작할 예정이다. 현재 신한은행은 ‘더비즈’ 공인중개사 회원과 업무협약을 위한 사전 작업을 진행하고 있으며 ‘더비즈’의 플랫폼과 신한은행 ‘쏠’을 직접 연계하는 시스템도 구축하고 있다. 서비스가 시행되면 전세계약 및 전세자금대출이 진행되는 과정에 있어 기존보다 간편한 프로세스가 구축돼 임차인 고객은 물론 임대인, 부동산 중개업소 모두가 혜택을 받을 수 있을 것으로 예상된다. 신한은행 관계자는 “더비즈의 부동산 데이터베이스를 기반으로 은행의 금융서비스를 결합해 고객이 안심하고 전세계약을 체결하고 더 쉽고 빠른 금융 서비스 혜택을 받을 것으로 기대된다”며 “앞으로도 더비즈와 지속적인 협력을 강화해 부동산 금융서비스 혁신을 이루는데 노력하겠다”고 말했다.",https://n.news.naver.com/mnews/article/082/0001237783?sid=101
2023.10.16. 오후 6:21,Economy,데일리안,"국토부 ""LH 과도한 권한 집중이 문제…조직 해체, 의견 수렴 중"" [2023 국감]","국토교통부가 한국토지주택공사 직원들의 부동산 투기 문제에 이어 올해 발생한 철근 누락 등 부실시공 문제가 잇따르는 데 대해 과도하게 집중된 권한과 이권에 있다고 진단했다. 16일 국회 국토교통위원회 국정감사에서 김두관 더불어민주당 의원은 진현환 국토부 주택토지실장에게 ""LH문제는 주공과 토공이 존립 목적이 다른데 하나로 묶은 데 그 원인이 있다고 본다""며 ""공룡과 공룡이 합쳐서 거대 맘모스 공룡이 됐는데 일련의 사안을 보면서 본질적으로LH의 문제점들을 좀 더 확고하게 개선하기 위해 준비 중인 내부 개혁 과정에 대해서 설명해 달라""고 질의했다. 이에 진 실장은 ""기본적으로LH의 당초 설립 목적에 맞게 업무에 충실할 수 있도록 여러 제도 개편을 고민하고 있다""며 ""특히 현재LH의 총체적 문제는LH에 너무 과도하게 집중된 권한과 이권에 있다고 진단하고 있다""고 설명했다. 그러면서 ""LH에 집중된 권한과 이권을 어떻게 하면 내려놓을 수 있을지 그런 방안을 집중적으로 검토하고 있다""고 답했다. LH의 발전적 해체까지도 검토하냐는 질문에는 ""국민 여러분과 전문가들의 의견을 수렴 중""이라고 말했다. 주택청 신설에 대해서도 ""내부적으로 검토하고 있다""고 했다. 이에 김 의원은 ""국민들의 기대에 부응하는 조직 진단, 발전적 해체까지도 검토하면서 고민해 달라""고 당부했다.",https://n.news.naver.com/mnews/article/119/0002758703?sid=101
2023.10.18. 오후 5:07,Economy,뉴스1,"""발행 코인 몰래 매각"" 韓 국감 지적에…수이 ""코인 판 적 없다"" 반박","해외 코인 프로젝트 수이, 정무위 국정감사에 등장민병덕 ""수이 코인 매각에도 닥사 조치 無""…수이 ""코인 현황 전부 공개 중""  올해 국정감사에서 해외 가상자산 프로젝트 수이와 관련한 논란이 제기되자, 수이 재단이 이를 반박하고 나섰다. 앞서 민병덕 더불어민주당 의원은 지난 17일 열린 국회 정무위원회의 금융감독원 국정감사에서 대표적인 '버거코인' 수이 코인의 경우, 유통량 문제가 있음에도 '닥사'가 이를 방치하고 있다고 지적했다. 닥사는 국내 5대 가상자산 거래소로 구성된 디지털자산 거래소 협의체다. 18일 수이 재단은 입장문을 내고 ""최근 제기되는 추측과 달리 수이 재단은 '커뮤니티 액세스 프로그램'을 통한 첫 판매를 제외하고 수이 코인을 판매한 바 없다""고 밝혔다. 수이는 메타 출신 팀이 개발한 가상자산 프로젝트로, 지난 5월 업비트를 비롯한 국내 5대 원화마켓 거래소에 일제히 상장됐다. 상장 직후 가격이 1500% 급등하는 등 국내에서 화제를 모았으나, 이후 가격이 지속적으로 하락한 바 있다. 이날 수이가 낸 입장문은 전날 민 의원이 국정감사에서 지적한 사안에 대한 반박이다. 민 의원은 수이 재단이 '스테이킹'을 통해 편법적인 방법으로 코인을 시장에 매각했다고 지적했다. 민 의원은 닥사 자문위원인 조재우 한성대학교 교수의 온체인 분석 자료를 인용해 이 같은 사실을 알아냈다고 주장했다. 그럼에도 수이 코인을 상장한 닥사 소속 거래소들은 수이 재단에 대해 아무런 조치를 취하지 않고 있다고 강조했다. 이와 관련해 수이 재단 측은 ""스테이킹 보상을 포함해 그 어떤 수이 코인도 판매한 바 없다""며 가능성을 일축했다. 수이 재단이 발행 코인을 판매한 유일한 루트는 '커뮤니티 엑세스 프로그램'으로, 이는 수이 블록체인 생태계 초기 기여자들이 '특별 판매'를 통해 수이 코인을 얻을 수 있도록 한 프로그램이다. 이 프로그램을 제외하고는 수이 코인을 판매한 적이 없다는 것이다. 또 수이 재단은 ""재단이 보유한 수이 코인의 이동 현황은 모두 블록체인 상에 공개돼 있으며 확인 가능하다. 코인 유통 일정에 대해서도 투명하게 소통하고 있다""고 강조했다. 이어 ""투명한 소통의 대표적인 예로, 외부 시장조성자로부터 1억5700만개 수이 코인을 회수한 사실도 발표한 바 있다""고 덧붙였다. 수이는 닥사 소속 거래소들과도 적극적으로 소통하겠다는 입장을 밝혔다. 그간 닥사는 국내 가상자산 프로젝트들에 대해선 유통량 등 정보를 꼼꼼히 검토하는 반면, 해외 프로젝트에 대해선 비교적 관대한 검토 절차를 거친다는 지적을 받은 바 있다. 또 해외 프로젝트들은 닥사에 정보를 제대로 제공하지 않아, 정보를 제공하는 국내 프로젝트들이 역차별을 받는다는 지적도 있었다. 민 의원도 국정감사에서 이 같은 점을 지적했다. 그는 "" 업비트는 물론 닥사 차원의 대응이 전무한 동안에 수이 코인의 가격 하락으로 지난 9월에만 국내 투자자들이 수백억원의 손실을 봤다""며 ""그 사이 업비트는 지난달에만 39억원에 달하는 수수료 수입을 올렸다""고 주장했다. 이와 관련해 해 수이 재단은 ""그간 닥사 및 한국 거래소와의 소통에 정성을 기울였으며 앞으로도 변함 없을 것""이라고 해명했다.",https://n.news.naver.com/mnews/article/421/0007118513?sid=101
2023.10.11. 오후 12:01,Economy,데일리안,"금감원 ""노후자금 노리는 불법 사금융 업체 주의하세요""","금융감독원은 어르신 대상 불법 사금융 피해 사례가 지속적으로 발생하고 있다며 주의가 필요하다고 강조했다. 11일 금감원에 따르면 올해 상반기 유사수신 민원 중 60세 이상인 피해자는 36. 5%로 나타났다. 금감원은 불법 업체들이 어르신들이 은퇴후의 삶에 관심이 높은 점을 이용하여 전국 각지에서 은퇴 박람회 등을 통해 접근을 하거나,조합 사업을 가장해 평생 연금처럼 배당금을 지급한다고 현혹하면서 어르신들의 소중한 노후자금을 노리고 있다고 밝혔다. 또 어르신들은 오랜 기간 신뢰를 쌓아온 지인들이 많다는 점을 이용해 특히 모집수당을 제공한다는 점을 강조하거나, 어르신들의 신뢰를 높이기 위해 금융사를 사칭해 가짜 지급보증서를 제공하는 수법을 사용하고 있어 각별한 주의가 필요하다고 언급했다. 아울러 코인 등에 익숙하지 않은 어르신들에게 불법 업체가 만든 가짜 전자지급거래 플랫폼 등을 이용해 코인·캐쉬·포인트 등으로 수익금이 지급된 것처럼 현혹하는 경우도 있었다. 이에 금감원은 가족, 가까운 지인이 원금 보장, 모집수당 등을 미끼로 투자를 권유하는 경우에도 불법 유사수신 사기 피해가 발생할 수 있으니 조심해야한다고 언급했다. 또 현장 투자설명회를 통해 장래 전도유망한 사업이라고 현혹하더라도 반드시 사업내용을 꼼꼼히 확인해야 한다고 당부했다. 확정 배당금을 제공한다고 현혹하는 경우 불법 유사수신 업체에 해당할 가능성이 높으므로 주의해야하며 금융사를 사칭하면서 지급보증서를 제공하는 경우 제도권 금융회사 여부 등을 반드시 확인해야 한다고 역설했다. 금감원 관계자는 ""어르신들의 불법 유사수신 등 금융사기 피해에 대한 대응역량을 제고하고 안전한 노후생활에 기여하기 위해 유관기관과의 협업 등을 통해 어르신 대상 맞춤형 집중 홍보를 실시할 예정""이라고 말했다.",https://n.news.naver.com/mnews/article/119/0002756919?sid=101
2023.10.26. 오후 5:12,Economy,이코노미스트,우리금융 “올해 말부터 ‘先배당 後투자’ 가능하다”[컨콜],"“배당 예측 가능성 높아질 것”“분기 배당은 자본시장법 개정 시기 봐야”“연말까지 순이자마진 소폭 하락 예상” 우리금융그룹이 올해 말부터 투자자들이 ‘선배당, 후투자’를 할 수 있게 됐다고 밝혔다. 26일 이성욱 우리금융지주 재무 담당 부사장은 3분기 실적발표 후 열린 컨퍼런스콜에서 “지난해 정관 개정을 통해 배당 프로세스를 개선했다”며 “배당 예측 가능성을 높이기 위해 정기 주주총회를 통해 투자자들이 배당금을 확인한 후 투자할 수 있도록 한 것”이라고 설명했다. 이 부사장은 “정관 개정 절차를 완료한 상황으로 올해 말 배당부터는 개선된 배당 절차를 실시할 계획”이라며 “다만 분기 배당의 경우 자본시장법이 개정 중이기 때문에 법률 개정에 따라 변경이 가능할 것”이라고 말했다. 아울러 우리금융은 금융사의 수익성 지표인 순이자마진이 연말에 좀 더 하락할 것이라고 밝혔다. 이 부사장은 “최근 조달비용이 증가하고 핵심예금이 감소하는 등으로 순이자마진이 떨어졌다”며 “고금리 장기화 추세로 조달비용 증가는 지속될 전망”이라고 전했다. 그는 “예대금리 공시 강화와 은행 간 대출금리 경쟁도 심해져서 순이자마진 하방 압력은 지속될 것”이라며 “4분기 하락폭은 좀 줄겠지만 순이자마진이 떨어져 1. 5%초중반을 예상한다”고 덧붙였다. 이 부사장은 “내년 순이자마진 예측은 어렵겠지만 1. 5% 수준을 유지하려고 최선의 노력을 다할 것”이라며 “기업대출이 가계대출보다 이자수익률이 높고 기업대출을 늘리다보면 기업 활동 고객이 증가하기 때문에 이를 통해 순이자마진  최소화할 예정”이라고 말했다.",https://n.news.naver.com/mnews/article/243/0000051936?sid=101
2023.10.04. 오후 4:17,Economy,아이뉴스24,"수도권 빌라, 보증금 '뚝'…월세는 '훨훨'","""﻿HUG전세보증 요건 강화 영향과 전세사기 우려로 풀이""﻿서울을 비롯한 수도권 빌라의 보증금은 줄고, 월세는 오른 것으로 나타났다. 올해 5월부터 시행된HUG전세보증 요건 강화와 전세사기 우려로 월세 수요가 늘어난 탓이다. 4일 부동산 중개업체 집토스가 2022년 9월~2023년 8월 수도권 빌라 대상 국토교통부 전월세 실거래가를 분석한 결과, 지난 5월 이후 수도권 빌라 보증금은 하락 전환했다. 특히, 서울 빌라 월세의 갱신 계약 보증금은 약 472만원 감소하고, 월세는 5. 47만원 증가한 것으로 집계됐다. HUG의 전세 보증 가입 요건 강화가 시작된 시기와 일치한다. 지역별로 살펴보면 지난 5월 이후 서울 빌라 월세 계약 보증금은 472. 42만원 감소, 월세는 5. 47만원 증가했다. 경기도의 경우 보증금은 319. 61만원 감소, 월세는 4. 46만원이 늘었다. 인천도 보증금 268. 82만원이 줄었고, 월세는 3. 56만원 올랐다. 지난 5월부터 수도권 빌라 갱신 계약의 보증금 하락이 두드러지는데, 이는HUG전세 보증 요건의 강화도 영향을 미친 것으로 풀이된다. 기존에는 공시가격의 150%까지 주택 가격을 산정해, 이 주택 가격의 100%까지 전세 보증이 가능했다. 그러나 올해 5월1일부터 공시가격의 140%, 주택 가격의 90%까지 보증 요건이 강화되면서 공시지가 126%까지 전세 보증이 가능해진다. 또한, 지난해 대비 전국 평균 공시가격은 약 18. 6% 하락해 전세 보증 가입 요건은 한 단계 더 까다로워졌다. 진태인 집토스 아파트중개팀장은 ""보증금을 돌려받지 못한 임차인이 설정한 임차권 등기가 사상 최대치에 달하는 상황에서, 전월세 시장에서는 보증보험 가입이 되는 매물만 찾는 상황이다. 이 마저도 공시가격의 126% 상한이 있어서 반전세로 가입해야 한다""며 ""보증보험 가입이 까다로운 다가구 주택과 다중 주택의 전세 매물은 외면 받고 있는 현실""이라고 설명했다. 이어 ""전세 수요는 줄고, 보증보험 가입가능한 전세는 한정적인 상황에서 너도나도 월세에 몰리다보니 월세가격이 오르고 있다""며 ""경기 둔화와 더불어 청년층과 서민의 주거 부담이 늘어나는 상황이 우려된다""고 덧붙였다.",https://n.news.naver.com/mnews/article/031/0000776850?sid=101
2023.10.05. 오전 8:43,Life/Culture,마이데일리,"알로드, 신세계백화점 본점 팝업 매장 오픈 이벤트 개최","총 9. 4캐럿 랩그로운 다이아몬드 증정KDT다이아몬드가 알로드 신세계백화점 본점 팝업 매장 오픈 이벤트를 진행한다고 4일 밝혔다. 5일부터 진행되며 알로드 카카오톡 채널에서 참여할 수 있다. 추첨해 1등 1캐럿 반지, 2등 0. 7캐럿 나석, 3등 0. 5캐럿 나석, 4등 0. 3캐럿 나석, 5등 0. 1캐럿 골프 볼마커 등 9. 4캐럿 규모의 랩그로운 다이아몬드 제품을 증정한다. 강성혁KDT다이아몬드 실장은 “좀 더 많은 소비자에게 선보이기 위해 이달 20~29일 신세계백화점 본점에서 팝업 매장을 운영하고 이를 홍보하기 위한 이벤트를 마련했다”고 말했다.",https://n.news.naver.com/mnews/article/117/0003776911?sid=103
2023.10.26. 오후 3:55,Life/Culture,데일리안,"LG생활건강, 올 3분기 매출 1조7462억원…전년比 6.6%↓","영업이익은 32. 4% 감소…뷰티·생활용품 역성장LG생활건강은 2023년 3분기 전사 매출이 1조7462억원으로 전년동기 대비 6. 6% 감소했고 영업이익은 32. 4% 줄어든 1285억원을 기록했다고 26일 공시했다. 회사 측은 음료 사업 매출은 지속 성장했지만 뷰티와 생활용품 매출이 떨어진 데 따른 결과라고 설명했다. 사업 부문별로 보면 뷰티의 3분기 매출은 전년 동기 대비 15. 1% 감소한 6702억원, 영업이익은 88. 2% 떨어진 80억원을 시현했다. 중국의 경기 침체가 지속되며 주요 채널의 매출이 감소한 반면 국내 내수 채널은 성장이 지속됐다. 소비 심리 위축 영향 등으로 면세 및 중국 매출이 두 자릿수 떨어졌고,국내H&B및 온라인 매출은 성장했다. 영업이익은 주요 채널 수요 약세 및 구조조정 비용 등으로 감소했다. 마케팅에서는 리브랜딩 활동을 통한 럭셔리 브랜드 입지 강화를 위해 더후 대표 라인 천기단 리뉴얼 및 중국 오프라인 런칭 행사를 진행했으며,M&A를 통한 색조 포트폴리오 확대를 위해 무드 기반 색조 브랜드 힌스를 인수해 제품 및MZ고객 저변 확대를 추진했다. 생활용품 사업의 3분기 매출은 5701억원으로 1년 전 대비 2. 9% 줄었다. 이 기간 영업이익은 16. 8% 감소한467억원이다. 데일리뷰티 실적은 견조했으나 원료사업 기저 부담이 지속되며 매출은 소폭 감소했다는 게 회사 측의 설명이다. 주요 브랜드인 ‘유시몰’, ‘FiJi’, ‘엘라스틴’ 등은 매출이 성장했고,‘피지오겔’도 데일리뮨 앰플 제품의 판매 호조로 성장했다. 영업이익은 고정비 부담이 지속되며 감소했다. 데일리뷰티에서는 탈모·스타일링을 모두 잡은 ‘닥터그루트’ 밀도케어TM프로페셔널 샴푸와 치아 착색 억제 효과가 있는 ‘죽염’ 잇몸케어 화이트닝 치약을 출시하는 등 다양한 기능성 신제품을 출시하며 주요 프리미엄 브랜드를 집중 육성했다. 음료 사업의 3분기 매출은 전년 동기 대비 2. 4% 성장한 5059억원, 영업이익은 11. 3% 증가한 738억원을 기록했다. 제로탄산 및 에너지 음료의 꾸준한 인기에 힘입어 매출이 성장했다. ‘코카콜라 제로’ 및 ‘몬스터 에너지‘는 견조한 수요를 보이며 성장세가 지속됐고, 국내 최초Zero컨셉 스포츠음료인 ‘파워에이드 제로’ 판매도 호조를 보였다. LG생활건강 관계자는 ""영업이익의 경우 원부자재 부담이 지속됐으나 주요 브랜드 및 채널 매출이 성장하며 개선됐다""고 말했다.",https://n.news.naver.com/mnews/article/119/0002762561?sid=103
2023.10.06. 오후 5:49,Life/Culture,연합뉴스,코엑스 별마당도서관서 강남 패션 페스타 열려,6일 오후 서울 강남구 삼성동 코엑스 별마당도서관에서 열린 2023 강남 패션 페스타에서 모델들이 의상을 선보이고 있다. 2023. 10. 6ryousanta@yna. co. kr,https://n.news.naver.com/mnews/article/001/0014244721?sid=103
2023.10.03. 오후 3:15,Life/Culture,뉴스1,대구 달성문화재단 7일 가족형 축제 'YES! 키즈존' 개최,"대구 달성문화재단은 오는 7일 국립대구과학관 광장에서 가족형 축제인'YES! 키즈존' 행사를 개최한다고 3일 밝혔다. 이번 행사에서UN이 정한 우주주간을 기념하고자 메타버스 월드, 무중력 인간 발사, 레이저태그 서바이벌로 구성된 챌린지 프로그램 등 체험·교육 프로그램이 준비돼 있다. 대구시 태권도협회 어린이 시범단의 태권도 시범을 시작으로 문준호 마술사의 매직쇼가 진행되며 가을밤 하늘을 드론으로 수놓을 드론테인먼트 등 온 가족이 함께 즐길 수 있는 공연을 연출할 계획이다. 이 행사는 '판타지아대구페스타' 축제 기간에 진행되며 지난 5월 강정보 디아크 광장에서 한차례 개최된 바 있다. 달성문화재단 관계자는 ""이번 축제를 통해 대구시 최초의 법정문화도시 위상을 더욱더 알리겠다""고 했다.",https://n.news.naver.com/mnews/article/421/0007085591?sid=103
2023.10.12. 오후 2:58,Life/Culture,뉴스1,'고와져라',12일 오후 경기도 고양시 일산 킨텍스에서 열린 '제15회K-뷰티엑스포 코리아'에서 참관객이 미용기기를 테스트하고 있다. 12개국 330개 업체가 참여하는 국내 최대 규모 뷰티박람회인K-뷰티엑스포는 오는 14일까지 킨텍스 1전시장 4·5전시장에서 열린다. 2023. 10. 12/뉴스1,https://n.news.naver.com/mnews/article/421/0007105666?sid=103
2023.10.26. 오후 5:28,Life/Culture,매일경제,"맞벌이 부모 92%, “육아복지 제도 잘 마련된 기업으로 이직 의향 있다”","아이돌봄 연결 플랫폼 맘시터를 운영하는 육아스타트업 맘편한세상이 직장 경험이 있는 맘시터 부모 회원 568명을 대상으로 기업 육아복지에 대한 설문조사를 진행한 결과, 육아복지 제도가 자녀를 둔 임직원의 근속 여부에 중요한 영향을 미치는 것으로 나타났다고 26일 밝혔다. 설문에 참여한 직장인 부모 98. 4%는 기업 내 육아복지가 필요하다고 응답했으며, 92. 3%는 육아복지 제도가 잘 마련된 기업으로 이직을 고려할 의향이 있다고 답했다. 일과 가정의 양립 어려움으로 인해 퇴사 또는 이직을 고민한 적이 있다는 응답도 81. 2%를 기록해, 산업 현장에서 우수한 인재를 확보하기 위해서는 ‘일과 가정의 양립’이 저출산 시대의 가장 중요한 기업복지 키워드임을 입증했다. 특히 응답자의 97%에 달하는 3040은 업무 숙련도가 높아 기업에서 가장 선호하는 우수 인재임과 동시에 영유아 및 학령기의 어린 자녀를 양육하는 시기와 맞물려 임직원의 이탈이 가장 많은 연령대이기도 하다. 경력을 갖춘 임직원의 장기근속을 위해 근무 시간 내 발생하는 양육 공백을 해소할 수 있도록 실질적인 도움을 주는 아이돌봄 지원책이 마련되어야 함을 시사했다. 기업에서 운영 중인 육아복지 제도는 △출산휴가 및 육아휴직이 가장 많았으며, △시차출퇴근/재택근무 등 유연근무제, △직장 어린이집, △잘 모르겠다, △1:1 아이돌봄 서비스 비용 지원, △기타 순으로 많았다. 그러나 임직원 부모가 느끼는 현재의 육아복지 만족도는 5점 척도 중 평균 2. 3점에 불과해 절반에도 미치지 못했다. 기업 규모별 만족도는 △500인 이상이 2. 6점, △100인 이상~500인 미만 2. 2점, △100인 미만은 2점으로 가장 낮았다. 세부 항목별 육아복지 만족도는 △1:1 아이돌봄 서비스 비용 지원이 3. 11점으로 가장 높았으며, △직장 어린이집, △유연근무제, △출산휴가 및 육아휴직 순으로 높았다. △‘없다’라고 응답한 경우 육아복지 만족도는 0점으로 확인됐다. 이들 부모 중 60. 7%는 육아 조력을 위해 베이비시터와 같은 1:1 가정방문형 아이돌봄 서비스를 이용하고 있으며, 월평균 지출액은 110만원인 것으로 조사됐다. 또한, 현재 해당 서비스를 이용하지 않더라도 기업에서 일부 비용이 지원된다면 이용할 의사가 있다는 비율이 94. 7%에 달해, 실제 이용자 및 잠재 수요자를 포함한 97%의 맞벌이 부모가 1:1 가정방문형 아이돌봄 서비스에 대한 높은 선호도를 보였다. 기업에서 1:1 가정방문형 아이돌봄비를 일부 지원해 줄 경우, 전체 응답자의 △97. 5%는 ‘현재 직장에 대한 만족도가 높아질 것’이라고 답했으며, △96. 7%가 ‘일과 가정의 양립에 도움이 될 것’이라고 답했다. 이 밖에도, 설문조사에 참여한 응답자들은 △”회사에 대한 만족도, 로열티가 극적으로 개선될 것” △”남성 직원에게도 도움 될 것 같다” △”30만원이라도 지원되면 좋겠다” △”장기적으로 회사의 이윤창출에 기여하는 선순환 될 것이다” △”믿을 수 있는 시터를 구할 수 있도록 관련 업체와 제휴를 맺는 것도 필요하다” 등의 의견을 남겨 기업의 아이돌봄비 지원이 임직원의 업무 집중도 및 생산성 향상, 장기근속에 도움 될 것임을 나타냈다. 맘편한세상 정지예 대표는 “기업에서 중추적인 역할을 하고 있는 3040 우수 인재 확보가 기업의 생존과 성장에 직결되는 경쟁력으로 강조되고 있다”며 “일하는 부모와 가장 맞닿아 있는 기업 현장에서 이를 위해 다양한 기업복지를 고민하고 있는 만큼, 신속하고 효율적으로 도입할 수 있는 제도를 우선적으로 고려해 임직원의 근무 만족도를 높여가는 것이 필요할 것”이라고 말했다.",https://n.news.naver.com/mnews/article/009/0005205517?sid=103
2023.10.20. 오전 8:21,Life/Culture,뉴스1,'갓생' 트렌드에…다이어리 구매 시기 빨라졌다,"에이블리, '갓생' 열풍에 문구 카테고리 주문 수 70% 증가  에이블리코퍼레이션이 운영하는 스타일 커머스 플랫폼 에이블리는 '갓생' 트렌드에 일정 관리 및 기록을 위한 문구 카테고리 주문이 급증했다고 20일 밝혔다. 최근 한 달간 에이블리 라이프관 내 문구 카테고리 거래액은 전년 동기 대비 60% 증가했으며 주문 수는 70% 늘었다. 일상 기록 및 정리를 위한 '포토앨범⋅콜북' 거래액은 전년 동기 대비 70% 가까이 늘었다. '다이어리⋅캘린더'는 60% 가량 증가했다. 스마트폰으로 일정을 관리하던 과거와 달리 펜 또는 연필로 다이어리를 꾸미는 아날로그 감성이 급부상하며 '스티커⋅다꾸'는 전년 동기 대비 60%, '필통⋅필기구'는 50% 가량 거래액이 성장했다. 아이코닉, 인디고디자인문구, 모트모트, 비온뒤, 리훈 등 다양한 문구 브랜드가 인기를 끌었다. 같은 기간 인디고디자인문구의 4개월용 기본 스터디 플래너, 모트모트의 텐미닛 100D 화이트 플래너는 '플래너⋅노트' 카테고리 인기 랭킹 상위권을 차지했다. 10월 중순에 접어들수록 리훈, 아이코닉, 비온뒤 등의 신년 다이어리 상품 인기도 빠르게 증가하는 모습이 관찰됐다. 에이블리는 부지런하고 계획적인 삶을 뜻하는 갓생 열풍이 지속되며 관련 문구 상품을 미리 준비하는 이들이 늘어난 것을 성과 원인으로 분석했다. 통상 연말연시에 다이어리, 캘린더 등의 수요가 집중됐던 과거와 달리 보다 철저한 갓생을 위해 관련 문구 상품에 대한 관심이 일찍부터 증가한 것으로 풀이된다. 패션, 문구 카테고리 간 연계 구매가 활발하게 이뤄지고 있는 점도 성과 달성에 주효했다. 대표적인 '갓생 루틴' 중 하나인 운동에 입기 좋은 스포츠 의류와 식단 플래너, 가을 신학기 맞이 교복 위에 걸치기 좋은 후드 집업과 노트, 필기구 등 의류와 문구류를 함께 구매하는 경향이 짙어졌다. 문구 카테고리 인기에 에이블리는 28일까지'2024다이어리 럭키 드로우' 프로모션을 실시한다. 이벤트 기간 동안 매일 100명을 추첨해 페이퍼리안, 7321디자인, 세컨드맨션, 위너디스 등 인기 브랜드의 2024년 다이어리 상품을 무료로 구매할 수 있는'0원 쿠폰'을 지급한다. 에이블리 관계자는 ""통상 문구 업계 비수기로 꼽히는 시기임에도 다이어리, 캘린더 등을 미리 구매하는 패턴이 관찰되며 성수기인 연말 시즌으로 갈수록 에이블리 내 문구 상품 인기가 높아질 것""이라며 ""앞으로도 에이블리를 통해 취향에 맞는 문구 상품을 다채롭게 만나볼 수 있도록 브랜드 라인업을 강화할 것""이라고 말했다.",https://n.news.naver.com/mnews/article/421/0007121697?sid=103
2023.10.04. 오후 2:08,Life/Culture,연합뉴스,태백시민 화합 굳게 다졌다…태백제 성료,"단기 4356년 맞아 태백산 천제단서 천제 봉행  강원 태백시는 제42회 태백제를 성황리에 개최했다고 4일 밝혔다. 태백제는 지난 1일부터 3일까지 경연, 체험, 공연 등 시민화합 행사로 진행했다. 1일 전야제에서는 환호와 함성 속에서 2023 태백시민대상 시상식, 축하공연 등이 열렸다. 2023 태백시민대상 수상자는 문화예술 부문 박동수 한국예술문화단체총연합회 태백시지회장과 지역개발 부문 문윤기 장성동 주민자치 위원장이다. 2일에는 지역예술인 공연, 팀 과제 해결 게임, 태백 배추배 김장 경연대회, 골든벨 대회, 음악회 등 즐거움과 추억을 선사하는 다양한 행사가 펼쳐졌다. 마지막 날인 3일에는 단군기원 4356년을 맞아 민족의 영산 태백산 일대에서 천제, 산신제, 단군제를 봉행 했다. 천제단에서 봉행한 태백산 천제에서는 시민 200명이 의복을 갖추고 태백산을 오르는 진풍경을 연출했다. 이상호 태백시장은 ""내년에는 더욱더 풍성한 행사가 되도록 노력하겠다""고 말했다. byh@yna. co. kr",https://n.news.naver.com/mnews/article/001/0014236888?sid=103
2023.10.03. 오후 4:35,Life/Culture,연합뉴스,"오세훈, 연휴 마지막날 정원박람회·억새축제 준비현장 점검","오세훈 서울시장은 추석 연휴 마지막 날인 3일 가을축제 준비 현장을 찾아 안전 대책 등을 점검했다. 서울시에 따르면 오 시장은 이날 오전'2023서울정원박람회'와 '서울억새축제' 준비가 한창인 하늘공원과 노을공원을 방문했다. 2002년 한·일 월드컵 개최를 기념해 조성된 하늘공원과 노을공원은 난지도 쓰레기매립장 생태계를 복원해 해발 100ｍ 두 개의 봉우리에 조성한 공원이다. 캠핑장, 운동시설, 산책로 등을 갖췄다. 오 시장은 축제 관계자 등으로부터 준비 상황을 듣고 각종 시설물 등의 안전을 점검했다. 휴일에 공원을 찾은 시민들과 인사도 나눴다. 올해 8회째인 서울정원박람회는 이달 6일부터 다음 달 15일까지 열린다. 작가정원·학생정원 등 정원 전시, 플랜테리어·가든테라피 등 정원문화프로그램, 각종 정원용품을 선보이는 정원여가산업전 등이 마련된다. 서울억새축제 기간인 14∼20일에는 매일 저녁 야간 라이팅쇼와 문화공연이 진행되고 10여개소의 억새 포토존과 체험 프로그램이 운영된다. 오 시장은 이어 서울의 새로운 랜드마크가 될 대관람차 '서울링'이 들어설 부지를 함께 둘러봤다. 그는 대관람차를 포함해 월드컵공원 일대가 앞으로 편리하고 쾌적한 서울시민의 여가문화 공간으로 거듭날 수 있도록 활성화 방안을 마련해달라고 관계자들에게 주문했다. 또한 재작년 개관한 '서울산악문화체험센터'를 찾아 클라이밍 체험을 해보고 시민들의 체력 증진과 산악문화 활성화를 위해 노력하는 직원들을 격려했다. bryoon@yna. co. kr",https://n.news.naver.com/mnews/article/001/0014234932?sid=103
2023.10.11. 오전 9:14,Life/Culture,뉴스1,"네이처리퍼블릭, F/W 신상 '립 스튜디오 쉬어 글로우' 출시","인텐스 새틴 이어 컬러 실패 없는 쉬어 글로우 컬렉션 12종  네이처리퍼블릭이F/W시즌을 겨냥한 '립 스튜디오 쉬어 글로우'를 11일 출시했다. 립 스튜디오 쉬어 글로우는 촉촉하고 맑게 빛나는 물빛 광택감이 특징이다. 트리플 히알루론산 함유돼 고보습 포뮬러가 촘촘하게 밀착돼 환절기 건조한 입술에 끈적임 없는 촉촉함을 선사한다. 컬러는 총 12컬러다. 경쾌한 그루브의 비비드한 핑크빛 코랄이 돋보이는 네온 코랄부터 가을 분위기가 물씬 풍기는 와인빛 레드까지 12가지 다양한 컬러로 구성됐다. 던 로즈는 뮤트한 드라이 로즈 컬러로 가을 분위기가 물씬 풍기는 핑크뮬리가 연상된다. 레드 드리즐은 어떤 피부 컬러에도 잘 어울려 얼굴빛을 한톤 밝혀주는 밝고 생기있는 레드 컬러다. 이외에도 △무드피치 △빈티지 진저 △살몬 밤 △만다린 듀 △네온 코랄 △라이프 체리 △핑크 데이지 △푸시아 캔디 △아이리스 베리 △멜로우 와인 등 다양한 색상을 데일리로 즐길 수 있다. 이번 쉬어 글로우 컬렉션은 연령대나 피부톤을 덜 타는, 자연스러운 발색과 피니쉬가 특징이라 취향 무관하게 선물하기도 좋은 아이템이 될 것으로 예상된다. 립 스튜디오는 인텐스 새틴 립스틱 및 쉬어 글로우 립스틱이 출시됐으며 계속해서 새로운 피니쉬로 추가적인 컬렉션을 출시될 계획이다.",https://n.news.naver.com/mnews/article/421/0007101348?sid=103
2023.10.03. 오후 7:18,Life/Culture,파이낸셜뉴스,향기와 패션이 만났다… 포맨트 '널디 판타지',"에이피알 콜라보 제품 선봬에이피알이 퍼퓸&라이프스타일 브랜드 포맨트와 스트릿 패션 브랜드 널디의 콜라보레이션 제품을 선보인다. 자사 브랜드 간 협업을 통해 시너지를 극대화할 것으로 기대된다. 3일 에이피알에 따르면 지난달 27일 론칭한 포맨트 '시그니처 퍼퓸 널디 판타지'는 에이피알의 대표 향 브랜드인 포맨트와 패션 브랜드인 널디의 콜라보 제품이다. 널디 플래그십 이전 오픈을 기념하여 출시된 이번 제품은 개성 있는 디자인과 '나'를 강조한 메시지로 젊은 층 지지를 받는 널디의 브랜딩 요소를 포맨트의 향수로 해석했다. 특히 지난 8월 개장한 '플래그십' 테마에 집중했으며 향수 이름 역시 플래그십 테마와 동일한 '널디 판타지'로 정했다. 제품의 외관은 널디를 떠올릴 수 있도록 기존 퍼퓸 패키지 위로 널디의 상징 컬러인 퍼플 띠지가 감쌌다. 바틀 역시 포맨트 향수 속으로 널디가 녹아 드는 듯 한 보라색 패턴 디자인과 정면의 로고 플레이가 적용됐다. 향은 널디의 레어하면서 반항적인 이미지를 살릴 수 있도록 구성됐다. 탑노트의 풋사과와 오렌지향, 미들노트의 장미와 아이리스, 뮤게와 마린 어코드가 대조적인 구성으로 반항적이면서도 부드러운 이중적인 느낌을 준다.",https://n.news.naver.com/mnews/article/014/0005080626?sid=103
2023.10.31. 오후 3:55,Life/Culture,이데일리,"보테가 베네타, 실용적인 디자인의 '제멜리(GEMELLI)' 백 출시","이탈리안 럭셔리 패션 브랜드 보테가 베네타는WINTER2023 컬렉션 쇼에서 선보인 실용적인 디자인의 ‘제멜리’ 백을 출시한다고 31일 밝혔다. 제멜리는 이탈리아어로 쌍둥이를 뜻한다. 이름에서 볼 수 있듯 지퍼형 하프 문 형태의 서로 닮은 작고, 큰 듀얼 백으로 구성되어 있다. 부드러운 나파 가죽을 수공예의 인트레치아토 위빙 기법으로 제작하고, 패디드 파이핑으로 마감하여 라운드 쉐입의 디자인을 한층 더 돋보이게 해준다. 또한, 하우스의 시그니처인 ‘놋’ 디테일로 듀얼 컴파트먼트를 연결하여 우아한 매력을 더했다. 탈부착할 수 있는 튜뷸러 숄더 스트랩으로 착용감과 실용성을 더했으며, 작은 컴파트먼트를 어깨로 올려서 착용하거나 클러치 형태 등 여러 가지 스타일로 다양하게 연출할 수 있다. ‘제멜리’ 백은 미디움과 라지, 두 사이즈로, 미디움은 블랙과 트래버틴, 라지는 폰단트와 화이트로 선보인다. 한편 지난 26일 공개된 새로운 제멜리 백의 익스클루시브 캠페인에는 보테가 베네타 글로벌 앰버서더 배우 서기가 참여했다.",https://n.news.naver.com/mnews/article/018/0005608611?sid=103
2023.10.16. 오전 10:55,Life/Culture,매일경제,“우리 댕댕이 귀엽고 따뜻하게” 반려견 런닝 ‘개리야스’ 올해도 인기,"반려견을 위해 나온 ‘개리야스’가 올해도 인기를 얻고 있다. 이에BYC는 올 가을·겨울 시즌에도 개리야스 제품을 강화할 예정이다. 16일BYC에 따르면 개리야스는 올해 1월~9월 판매율이 지난해 5월~12월대비 26% 증가했다. BYC는 지난해 5월 반려문화·콘텐츠 전문기업 ‘동그람이’와 협업해 반려견용 ‘개리야스’를 처음 선보인 바 있다. 당시 출시 나흘 만에 온라인몰과 케이펫페어 일산 등에서 전 색상과 사이즈가 모두 품절됐다. BYC는 올 겨울을 대비해 제품군을 확대한다는 방침이다. 품목을 5종으로 다양화하고, 수량도 95%이상 늘렸다. 반려견용 에어메리 김장조끼, 빨간내복 플러스, 신호등내복, 원조내복 등 4종과 보디히트 기모 터틀넥티 등으로 구성했다. 특히BYC의 대표적인 겨울내의 에어메리를 반려견을 위한 조끼형으로 만든 것이 눈길을 끌고 있다. 꽃무늬 패턴의 누빔 조끼로 디자인하고, 싸개 단추를 활용한 여밈 디자인으로 입히고 벗길 때 편리하다. 에어메리 빨간내복 플러스는 삼중직 원단을 덧대어 보온성을 높이고 화사한 컬러와 쁘띠 리본 등 디자인을 갖췄다. 신호등내복은 눈꽃 패턴 자카드 원단에 빨강, 노랑, 초록의 신호등 3색 단추로 포인트를 줬다. 반려견용 보디히트도 새롭게 선보인다. 한겨울 추위에도 편하게 활동할 수 있도록 기모 가공 처리해 보온력과 지속력을 강화했다. 또한 목까지 따뜻하게 보호해주는 터틀넥 디자인으로 이너웨어 또는 단독으로 착용할 수 있다. BYC는 오는 23일까지 온라인 사전예약을 실시하며, 다음달 펫페어에서도 제품을 선보일 방침이다. BYC관계자는 “지난해 여름 처음 개리야스를 선보인 후 많은 소비자들의 관심을 받아 올겨울에도 새롭게 신제품을 출시하게 됐다”며 “반려견 시장을 긍정적으로 보고 점차 관련 제품들을 확장해 나가는 방향으로 고민하고 있다”고 말했다. BYC가 지난해 처음 선보인 여름용 개리야스는 가볍고 부드러운 착용감과 뛰어난 신축성으로 반려견의 활동성을 높여주며, 복원력이 좋아 늘어날 걱정 없이 오래 입을 수 있는 옷이었다. 또한 쿨런닝을 물에 적셔 입히면 초고속 드라이 기능으로 빠르게 증발하면서 몸의 열을 낮춰준다. 이 쿨런닝은 반려견의 행동 습성에 대한 이해를 바탕으로 스트레스를 최소화하고 옷의 기능에 충실하게 디자인해 반려인들에게 큰 관심을 모았다. BYC는 이런 인기에 힘입어 지난해 10월 가을·겨울 제품을 출시했다. 겨울용 제품에는 해충의 접근을 효과적으로 막아주는 해충 방지 가공을 했다. 각기 다른 체형이 모두 소화 가능하도록 크롭 기장과 넓은 암홀 라인으로 불편함 없이 착용할 수 있도록 디자인했고, 소형견부터 대형견까지 착용 가능하도록 S부터 4XL까지 사이즈도 세분화했다. 작년 가을·겨울 제품은 자사몰과 스마트스토어, 동그람이 스마트스토어 로다몰에서 출시 전 사전예약을 실시했고, 준비한 물량이 모두 소진되어 추가발주에 들어간 바 있다.",https://n.news.naver.com/mnews/article/009/0005199681?sid=103
2023.10.18. 오전 11:05,Life/Culture,파이낸셜뉴스,"주름 개선 성능 높였다...아이오페, '레티놀 엑스퍼트 링클 코렉터' 업그레이드","고효능 스킨케어 브랜드 아이오페가 주름과 모공 고민 개선에 집중한 '레티놀 엑스퍼트 링클 코렉터' 0. 1%와 0. 3%를 업그레이드해 선보인다. 18일 아모레퍼시픽에 따르면 아이오페 레티놀 엑스퍼트는 30년 가까이 레티놀과 레티노이드를 연구해 온 아이오페의 전문성이 집약된 제품 라인이다. 기존 레티놀 엑스퍼트가 눈가와 팔자 주름에 집중했다면, 이번에 새롭게 선보이는 '레티놀 엑스퍼트 0. 1% 링클 코렉터'는 눈가, 미간, 목 등 7대 주름과 모공 면적, 모공 수 등 7대 모공 고민까지 함께 개선해 단 2주 만에 확실한 피부 변화를 선사한다. 탄력과 보습 장벽 개선 등 탁월한 안티에이징 효능으로 잘 알려진 순수 레티놀을 0. 1% 함유하고 있으며, 순수 레티놀 대비 오래 지속되는 캡슐 레티놀, 변환 과정없이 빠르게 활성화되는 레티노이드 성분 2종 등을 함유했다. 인체적용시험 결과 해당 제품을 2주만 사용해도 잔주름부터 깊은 주름까지 눈에 띄게 개선되며, 4주 사용 시 목 주름, 입가 팔자 주름 부위까지 개선되는 효과를 확인할 수 있다. 함께 리뉴얼해 선보이는 '레티놀 엑스퍼트 0. 3% 링클 코렉터'는 안정화된 고함량 순수 레티놀 0. 3%를 함유해 깊게 자리 잡은 이마 주름 등을 효과적으로 개선한다. 레티놀 엑스퍼트에는 항산화 성분의 그물망으로 레티놀 입자를 보호하는 아이오페만의 '바이오-큐브셀' 기술이 적용되어 안정적인 레티놀 효과를 제공한다. 개봉 후 마지막 한 방울까지 성분의 효능을 유지할 수 있도록 3중 산소 차단 용기를 적용했다.",https://n.news.naver.com/mnews/article/014/0005087518?sid=103
2023.10.05. 오전 10:41,Life/Culture,매일경제,"안다르, 김철웅 대표 선임...글로벌 브랜드 도약 가속","애슬레저 브랜드 안다르가 해외사업 공략에 힘을 싣기 위해 모회사인 에코마케팅의 김철웅 대표를 신임 대표로 선임했다고 5일 밝혔다. 이로써 안다르는 박효영 단독 대표에서 각자 대표 체제로 바뀐다. 안다르 측은 김철웅 대표의 안목과 결단력을 활용해 동남아시아를 비롯한 글로벌 시장에서 안다르의 영향력을 확대하고, 경쟁력을 강화하기 위한 조치라고 설명한다. 박효영 대표는 안다르 대표 취임 1년 만인 지난해 흑자 전환에 성공시킨데 이어, 올해 2분기 국내 애슬레저 시장 1위를 탈환했다. 안다르는 박 대표의 경영능력을 국내 시장에 집중시켜 상승세를 이어간다는 방침이다. 대신, 김철웅 신임 대표가 글로벌 사업을 총괄 지휘한다. 안다르는 해외시장 진출의 전초기지로 먼저 동남아시아 싱가포르를 낙점하고 글로벌 매장을 열었다. 이에 더해 동남아시아 전역으로 영역을 확대하고 글로벌 시장 공략을 가속화할 계획이다. 김 대표는 에코마케팅의 창업주로 비즈니스 부스팅 사업을 국내에 안착시켰다. 비즈니스 부스팅이란 잠재력 있는 기업을 발굴한 뒤 지분 투자하고 체질 개선과 전방위 마케팅 등을 통해 기업가치를 높이는 사업이다. 실제로 2018년 매출액 621억원, 영업이익 169억원이었던 에코마케팅은 지난해에는 매출액 3528억원, 영업이익 566억원으로 빠르게 성장한 바 있다.",https://n.news.naver.com/mnews/article/009/0005194847?sid=103
2023.10.02. 오전 9:53,Life/Culture,뉴스1,전통 한옥 문살 위 희로애락…선환두 한국화가 세 번째 작품전,"18일까지 무주 예술창작스튜디오  한국화가 선환두 작가의 세 번째 작품전이 오는 18일까지 전북 무주예술창작스튜디오에서 열린다. 이번 전시 주제는 '무주에서 문 열고 엿듣기, 23'이다. 인생의 시작과 끝을 '문을 열고 문을 닫음'으로 표현한 선 작가의 작품 20여점을 볼 수 있다. 작품 내용은 △새로 태어난 손녀의 앞날을 축복 △희로애락을 반복하며 일생을 보내는 사람들 △생을 마감하고 자연의 품속으로 돌아가는 모습 등으로 구성됐다. 선 작가는 ""문살을 기본 소재로 하고 그에 어울리는 재료와 다양한 색감으로 삶을 표현했다""며 ""다양한 크기의 동그라미와 네모의 조화, 질감, 색채의 변화 속에서 인생의 희로애락을 마주할 수 있다""고 말했다. 선 작가는 무주군 출신으로 2018년 청주신흥고등학교 미술 교사로 정년 퇴임한 후 고향으로 돌아와 작품 활동을 하고 있다.",https://n.news.naver.com/mnews/article/421/0007083742?sid=103
2023.10.04. 오전 7:23,Life/Culture,아시아경제,서초구 말죽거리 축제 와서 뉴트로 감성 즐겨요,"구, 12~ 13일 양재1동 말죽거리 일원서 ‘제6회 말죽거리 축제’ 열어. . . 13일 오후4시 양재시장 인근 ‘말죽거리 퍼레이드’ 진행. . . 양재시장 일대 1km 구간, 50m 행렬. . . ‘축제가 부활하고 젊은이들이 돌아온다’ 주제로 과거~미래 행진 표현천고마비의 계절 가을, 서초구 양재역 사거리 인근 말죽거리 일대에 말이 등장한다. 또 교복 입은 청춘남녀와 어린이, 킥보드 탄 청년들이 함께하는 골목 퍼레이드, 문화공연 등 뉴트로 감성이 담긴 축제가 열린다. 서울 서초구 양재1동은 오는 12일부터 13일까지 이틀간 ‘제6회 말죽거리 축제’를 개최한다. 올해로 6회째를 맞는 이번 축제는 ‘말’을 활용한 말죽거리 브랜드를 활용, 주민과 상인 간의 화합과 상권 활성화를 위해 마련됐다. 2015년 첫 개최 이후 코로나19 등으로 열리지 못하다가 4년 만에 돌아왔다. '말죽거리'는 조선시대 여행자들이 한양 도성으로 들어가기 전에 말을 갈아타고 죽을 끓여 먹였던 곳에서 유래됐다. 이후 1970년대부터 식당, 전통시장 등이 본격적으로 들어서기 시작했으며, 구는 지난해 이곳을 제1호 골목형 상점가로 지정했다. 현재 현대와 복고가 조합된 뉴트로 감성이 담긴 상권 활성화를 위해 노력 중이다. 축제 주제도 ‘축제가 부활하고 젊은이들이 돌아온다’이다. 과거 말죽거리의 명성을 되찾고, 젊은이들이 모이는 핫플레이스로 자리매김하자는 의미다. 특히 13일 오후 4시부터 양재 시장 일대에서 열리는 ‘말죽거리 골목 퍼레이드’는 축제 주제를 고스란히 담았다. 양재파출소~양재시장~양재파출소 약 1km의 구간이 퍼레이드 장소다. 8개 섹션, 150여 명이 참여하는 이번 퍼레이드는 도심 속의 말과 경찰차의 리드에 이어 국립국악고의 취타대 공연이 이어진다. 이후 ▲코코몽 등 어린이 취향 저격 캐릭터 코스튬 행진과 말죽거리의 과거·현재·미래를 나타내는 ▲영화 ‘말죽거리 잔혹사’를 모티브로 롤러스케이트·교복·디스코 바지 등을 착용한 복고풍 행렬 ▲소중한 우리 지구 살리기 행렬 및 청년들이 킥보드, 전기자전거 등을 탄 친환경 퍼포먼스가 펼쳐진다. 마지막 풍물패 공연으로 약 50m의 퍼레이드가 마무리된다. 오후 5시부터는SPC사옥 인근 공연무대에서 주민과 상인들이 어우러진 ‘말죽거리 가수왕 선발대회’와 트로트 가수 요요미와 엘리제, 큐빅스, 양재동 등 초청 가수 공연을 연다. 또 축제 전날인 12일부터 행사장 주변에는 어린이 승마와 말 먹이 주기, 포토존 등을 운영해 가족 단위 참여자들의 눈길을 끌 예정이다. 이번 축제는 말죽거리 상인회와 양재1동 주민자치위원회에서 주최한다. 전성수 서초구청장은 “4년만에 열리는 이번 축제를 통해 아이부터 어르신까지 모두 함께 즐기는 화합의 장을 만들고, 말죽거리가 서초를 대표하는 핫플레이스로 자리매김하도록 최선을 다하겠다”고 말했다.",https://n.news.naver.com/mnews/article/277/0005321573?sid=103
2023.10.23. 오전 11:54,Life/Culture,한국경제,"""해외 쇼핑몰서 '셀린느 선글라스' 싸길래 샀더니…"" 낭패","해외쇼핑몰에서 가짜 명품을 판매하고도 취소를 해주지 않는 일이 벌어져 소비자들의 주의가 요구된다. 한국소비자원은 23일 해외쇼핑몰 '시크타임'이 가품을 판매하고 취소를 거부해 다수 피해자가 발생했다고 밝혔다. 지난 8월 28일부터 이달 5일까지 시크타임 구매로 인한 피해 상담은 23건 접수된 것으로 전해졌다. 소비자원에 따르면 소비자 A씨는 시크타임에서 셀린느 선글라스를 206유로에 결제한 뒤 해외 구매 후기 사이트에서 가품 의심 글을 보고 여러 차례 주문취소를 요구했지만 응답받지 못했다. 시크타임 관련 상담을 요청한 소비자들은 결제 후 가품임을 알고 판매자에게 취소와 환불을 요구했지만, 판매자가 상품을 그대로 발송했다. 심지어 9명의 경우 판매자가 약관에 명시한 취소 가능 시간에 주문을 취소했으나 소용이 없었다. 소비자원이 소비자 불만 처리를 요청하자 판매자는 진품이라고 주장하며 처리를 거부했다. 이에 소비자원은 셀린느 본사를 통해 해당 쇼핑몰이 공식 유통업체가 아니라는 사실과 관세청이 지식재산권 침해 물품으로 수입 통관보류 처분을 한 사실을 확인해 환불 처리를 재차 촉구하는 중이다. 소비자원은 ""처음 접하는 해외쇼핑몰은 국제거래 소비자포털 및 인터넷 검색포털을 활용해 피해사례가 없는지 꼼꼼히 살피고, 신용카드로 결제한 경우 증빙서류를 갖춰 카드사에 '차지백 서비스'를 신청할 수 있다""고 밝혔다. 차지백 서비스는 제품이 장기간 배송되지 않거나 구매한 것과 전혀 다른 상품이 배송되는 등 피해를 보면 신용카드사에 승인된 거래를 취소 요청할 수 있는 서비스다.",https://n.news.naver.com/mnews/article/015/0004905485?sid=103
2023.10.03. 오후 4:59,Life/Culture,연합뉴스,'2023 대백제전' 인산인해,개천절이자 추석 연휴 마지막 날인 3일'2023대백제전' 충남 부여 쪽 행사장인 백제문화단지를 찾은 관광객들이 비눗방울 공연을 관람하며 즐거운 한때를 보내고 있다. 지난달 23일 막을 올린 대백제전은 오는 9일까지 이어진다. 2023. 10. 3 sw21@yna. co. kr,https://n.news.naver.com/mnews/article/001/0014234991?sid=103
2023.10.18. 오전 10:35,Life/Culture,데일리안,"㈜레비레스코 ‘스킨엠디 라보토리스’, 2023 K-뷰티엑스포코리아 참가 성료","비건 인증을 받은 ‘더 날씬한 다이어트 앤 생 유산균’ 신제품 선보여㈜레비레스코의 메디뷰티 브랜드 '스킨엠디 라보라토리스'가 지난 12일부터 14일까지 일산 킨텍스에서 개최된 ‘2023K-뷰티엑스포코리아 ’에 참가하여 성황리에 마쳤다고 17일 밝혔다. 올해 15회째를 맞은'K-뷰티엑스포코리아'는 국내 최대 규모의 뷰티 박람회로, 올해 12개국 330개사 720부스가 마련되어 작년보다 120% 이상 많은 업체가 참가하였으며, 전 세계 42개국 바이어가 참가하여 역대 최대 규모를 이뤘다. 이번 박람회에서 ㈜레비레스코의 '스킨엠디 라보라토리스'는 신제품 '더 날씬한 다이어트 앤 생유산균' 비건 건강기능식품 신제품을 선보였으며, 주력 제품인 기미, 항 노화 제품과 제주 마린 비건 제품 기초 라인을 중점으로 선보였다. 총 18여 개국의 30여곳 이상의 업체와 상담을 진행을 통해 바이어들에게 가장 주목을 받은 제품은 비건 인증을 받은 신제품 '더 날씬한 다이어트 앤 생 유산균' 이중 기능성 건강기능식품과 기미, 항노화 제품인 퓨어화이트놀세럼과 레비톡스 블루 제품으로 해당 제품은 분당 서울대학교 병원 피부과에서 임상 시험을 마쳐 효능이 입증된 ‘스킨엠디 라보라토리스’의 스테디셀러 제품이다. ㈜레비레스코 해외영업 담당자는 “이번 박람회를 통해 ‘스킨엠디 라보라토리스’의 제품 경쟁력을 확인할 수 있었고 해외 시장 진출 확장에 박차를 가하기 위해 꾸준한 해외 유통 채널 확대와 앞으로 개최될 해외 박람회에 적극 참가할 예정이다”라고 밝혔다.",https://n.news.naver.com/mnews/article/119/0002759357?sid=103
2023.10.30. 오전 9:04,Life/Culture,파이낸셜뉴스,"유니클로에서 느끼는 영국 감성, JW 앤더슨 컬렉션 출시","유니클로가 '영국 전통 스타일에 빈티지한 대학생 룩을 더한 새로운 디자인을 제안한다. 2023FW유니클로andJW앤더슨 컬렉션을 통해서다. 30일 유니클로에 따르면 이번 협업 컬렉션은 일상 속 편안함을 추구하는 유니클로 라이프웨어 철학과 대학 생활의 일상을 유쾌하게 표현한JW앤더슨의 디자인이 결합됐다. 대표 아이템인 오버사이즈 핏의 '트렌치 코트'는 남성과 여성 모두 산뜻하게 입을 수 있으며, 여성 라인업의 클래식한 '울 블렌드 더플 쇼트 코트'는 트렌디한 쇼트 기장으로 디자인됐다. 일상에서 활용도가 높은 스타일의 여성용 '옥스포드 롱 셔츠'는 가슴 부분의JW앤더슨 로고 자수가 눈에 띈다. 깊이감 있는 베이스 컬러와 체크무늬 디자인이 돋보이는 '보아 후리스 프린트 풀집 후디'와 동물을 모티브로 한 유쾌한 디자인의 '자카드 크루넥 스웨터'도 선보인다. 이번 협업에 참여한 크리에이티브 디렉터 조나단 앤더슨)은 ""영국 전통 스타일과 빈티지한 대학생 룩에 모던한 요소와 기능성 소재를 더해 현대적인 스트릿웨어 룩을 만들고자 했다""며 ""전통적인 스타일을 반전 있게 재해석하는 것을 좋아하는데, 그런 점에서 이번 유니클로와의 콜라보레이션은 매우 만족스럽다""고 전했다. 2023FW유니클로andJW앤더슨 컬렉션은 오는 11월 3일부터 전국 유니클로 매장 및 온라인 스토어에서 구입 가능하다.",https://n.news.naver.com/mnews/article/014/0005092815?sid=103
2023.10.06. 오후 5:35,Life/Culture,연합뉴스,한미동맹 70주년 사진전 축사하는 김두만 전 공군참모총장,6. 25 전쟁에 참전했던 김두만 전 공군참모총장이 6일 오후 서울 종로구 세종문화회관에서 열린 연합뉴스 한미동맹 70주년 사진전 개막식에 참석해 축사를 하고 있다. 2023. 10. 6hkmpooh@yna. co. kr,https://n.news.naver.com/mnews/article/001/0014244646?sid=103
2023.10.30. 오후 4:33,Life/Culture,중앙일보,"메디앙스, 2023 CBME 어워드 혁신신제품상 수상","유아용품 전문 기업 메디앙스의 신제품 아기로션 ‘비앤비 베이비스킨'이 세계 최대 유아용품 박람회인 ‘2023CBMEAWARDS’혁신 신제품상 부문에 선정되었다. 2023CBMEAWARDS는 중국 상하이CBME2023에서 개최되었다. 본 행사에서는 영유아용품 각 업계 전문가 투표 및 소비자 투표를 통해 '제품의 혁신성, 안전성, 소비자 체험, 시장 잠재력' 총 4가지 항목을 평가한 뒤 적합한 제품을 선정, 수상한다. 유아로션 비앤비 베이비스킨이 수상한 혁신상은 영유아 업계에서 기능, 공예, 원료 등 업계의 수준을 향상시키고 연구 및 개발 능력을 통해 소비자의 니즈를 채워주는 제품에 한해 수여한다. 메디앙스 관계자는 ""이번 수상을 통해 메디앙스의 브랜드의 가치를 다시 한 번 확인하고 유아스킨 비앤비 베이비스킨의 글로벌 제품 경쟁력을 입증할 수 있었다. 앞으로도 아기스킨 외 여러 유아용 제품을 다양하게 개발하고 많은 고객이 안심하고 사용할 수 있도록 노력하겠다. ” 라고 전했다. 한편, 메디앙스는 비앤비, 닥터아토, 유피스 등의 브랜드를 보유하고 있는 유아용품 토탈 라이프케어 브랜드다. 이번 중국 상하이CBME2023에 참가하며 자사 브랜드 제품은 물론 비앤비 베이비 스킨과 닥터아토 선케어 신제품을 선보여 바이어 및 소비자들의 호응을 이끌어낸 바 있다.",https://n.news.naver.com/mnews/article/025/0003317907?sid=103
2023.10.19. 오후 3:36,Life/Culture,매일경제,위스키 마시러 갔다가 옷산다...패션가 MZ 취향 저격 마케팅,"최근MZ세대 취향을 저격하는 위스키나 커피 등과 패션업계의 이색 협업이 잇달아 진행되고 있다. 생각지 못했던 조합을 하나로 묶어 트렌드에 민감한 소비자들의 이목을 사로잡기 위해서다. 19일 업계에 따르면 최근 많은 패션 브랜드들이 이색적인 경험을 중시하는 젊은층 특성에 맞게 이종 업계와의 협업을 확대하는 분위기다. 신세계인터내셔날의 남성 편집숍 ‘맨온더분’은 20일부터 29일까지 서울 을지로 위스키 바 ‘필로소피라운지’에서 이번 가을·겨울 컬렉션 체험 공간을 운영한다. 필로소피라운지는 을지로 인쇄 골목 사이에 위치한 핫플레이스다. 아날로그 감성과 대비되는 모던하고 세련된 인테리어로 젊은층에게 인기가 많다. 맨온더분은 클래식 캐주얼 브랜드다. 최근 정장을 입는 사람들이 줄어들고 있어 정장 스타일의 라인 비중을 줄이고 점퍼, 재킷 등 다양하게 활용할 수 있는 캐주얼 라인을 강화하고 있는 추세다. 신세계인터내셔날 관계자는 “최근 젊은층을 중심으로 위스키가 큰 인기를 얻고 있는 만큼 그들이 자주 찾는 위스키바와의 협업을 통해 맨온더분에 20~30대 신규 고객을 확보하고자 한다”고 말했다. 신세계인터내셔날은 필로소피라운지 입구 쪽에 맨온더분의 전시 공간을 두고 신제폼을 선보인다. 이탈리아 유명 제조사와 협업해 출시한 니트웨어 라인부터 재킷, 캐주얼웨어 등 맨온더분의 다양한 제품을 소개한다. 마네킹에는 가을·겨울 컬렉션을 입히고, 진열장에 니트 컬렉션과 팬츠 등을 진열한다. 행거에는 재킷이나 코트, 셔츠, 팬츠 등 제품들이 걸려 있어 고객들이 직접 입어볼 수도 있다. 라운지에서 체험 공간을 운영하는 기간에만 맛볼 수 있는 맨온더분 콜라보레이션 칵테일도 내놓는다. 압생트와 라임, 화이트와인 등이 섞인 칵테일이다. 칵테일을 구매하면 맨온더분 오프라인 매장에서 사용 가능한 30% 할인 쿠폰도 준다. LF에서 운영하는 글로벌 스포츠 브랜드 리복은 지난달 카멜 커피와 협업해 의류 컬렉션을 출시한 바 있다. 리복의 스포티한 스타일과 카멜 커피를 특유의 빈티지한 감성을 담아 축구 저지 유니폼 스타일의 티셔츠부터 볼캡, 스니커즈 등 내놓았다. 카멜 커피와의 협업 제품은 온라인에서 빠르게 완판돼 재입고 문의가 많았고, 이후 오프라인으로 입고된 물량을 현재 온라인에서 판매하고 있다. LF는 이 밖에도 리복의 헤리티지 스니커즈이자 히트아이템인 ‘클럽C’와 디자인 스튜디오 자운가 협업해 만든 제품이 온라인에서는 5초만에 완판되고 오프라인에서는 문을 연지 30분만에 완판되는 등 잇달아 협업 대박을 내고 있다. 또한 리복의 벡터자켓과 프리미어로드플러스 스니커즈를 프로젝트GR에서 자체 커스텀해 판매한 제품 또한 무신사에서 30초만에 완판된 바 있다.",https://n.news.naver.com/mnews/article/009/0005201747?sid=103
2023.10.31. 오후 2:44,Life/Culture,파이낸셜뉴스,한정판으로 냈더니 더 잘 팔려...한정 발매 서비스 '무신사 드롭' 흥행,"무신사의 신규 서비스 '무신사 드롭'이 희소성 높은 상품을 연달아 발매하며 흥행을 이어나가고 있다. 자신만의 취향이 뚜렷하고 개성있는 상품을 찾는 고객들이 관심을 가질 만한 상품을 시장에 선보이며 주목받고 있다는 분석이다. 10월 31일 무신사에 따르면 지난 9월 론칭한 무신사 드롭 서비스가 높은 관심을 받으며 시장에 안착했다. 무신사 드롭은 특별한 상품을 선보이는 무신사만의 발매 방식이다. 탄탄한 팬덤을 가진 브랜드와 아티스트의 협업 상품이나 수량이 제한된 한정판이 대표적이다. 사전에 상품 발매 시점을 예고한 이후에 특정 시간대에 선착순 또는 래플 형태로 한시적으로 판매한다. 무신사는 소장 가치가 높은 상품을 엄선하고, 브랜드와 협업을 통해 무신사에서만 만날 수 있는 단독 상품도 다채롭게 기획 중이다. 패션뿐만 아니라 아트, 테크 등으로 카테고리를 확대하고 다양한 브랜드와 아티스트의 협업 상품을 선보이는 식이다. 문화 영역 전반에 걸쳐 무신사가 주목하는 트렌드를 제시해 고객에게 새로운 경험을 제공하기 위해서다. 무신사 드롭의 첫 번째 발매 상품은 패션 브랜드 '프로젝트 지알'과 글로벌 스포츠 브랜드 '리복'의 협업 컬렉션이었다. 협업 소식만으로도 패션 마니아들의 이목을 끈 해당 컬렉션은 판매가 시작된지 1분이 채 되지 않아 전량 매진을 기록하는 흥행을 거뒀다. 뒤이어 진행한 '리바이스 x 크록스' 드롭 또한 발매와 동시에 전량 품절을 기록할만큼 높은 관심을 모았다. 예술 작품도 무신사 드롭에서 큰 반응을 얻었다. 다양한 색채의 위트있는 그래픽 아트로 주목받는 아티스트 '그라플렉스'의 판화를 지난 13일에 무신사 드롭에서 한정 발매했다. 발매를 기념해 동시 진행한 오프라인 팝업에도 고객들의 발길이 이어졌다. 무신사 드롭은 앞으로 식음료와 크리에이터IP굿즈 등으로 상품 카테고리를 확대한다는 방침이다. 빼빼로데이를 앞둔 11월 2일에는 초콜릿 전문 브랜드 '아도르'와 협업한 한정판 초콜릿을 선보일 예정이다. 무신사 관계자는 ""무신사에 입점된 패션 브랜드와 다양한 이종산업의IP가 만나 협업 기회를 확대할 수 있도록 하는 등 더욱 새롭게 차별화된 상품을 선보일 것""이라고 말했다.",https://n.news.naver.com/mnews/article/014/0005093830?sid=103
2023.10.05. 오전 9:54,IT/Science,헤럴드경제,[영상] “계단도 척척 오르내리고 서서 이동까지 OK” 트랜스포머 휠체어 등장,"- 한국기계연구원, 신개념 로봇 휠체어 기술 최초 개발 하지 장애인이 자유롭게 계단을 오르내리고, 일어서서 이동하며 생활할 수 있도록 돕는 로봇 휠체어 기술이 세계 최초로 개발됐다. 한국기계연구원은 계단을 오르내리는 계단 등반 모듈, 일어서서 이동하고 탑승한 상태에서는 눕고 기울이는 등 다양한 자세를 취할 수 있는 스탠딩 모듈을 통합한 신개념 로봇 휠체어 개발에 성공했다. 기존에도 계단을 오르는 휠체어와 일어서서 이동할 수 있는 휠체어가 각각 있었으나 두 모듈을 통합해 한 대의 휠체어로 개발한 것은 처음이다. 계단을 오르고, 서서 이동하고, 다양한 자세로 변환하는 기능을 한 대의 로봇 휠체어로 모두 구현할 수 있다. 하지 장애인이 공간적 제약 없이 일상생활을 자유롭게 누리는 데 큰 도움이 될 것으로 기대된다. 한국기계연구원AI로봇연구본부 박찬훈 본부장 연구팀은 ‘ㄹ’자 형상 크롤러를 특수 설계하고 휠체어 하부에 장착해 계단을 오르내리는 장치인 계단 등반 모듈을 개발했다. 이 크롤러는 평상시에는 휠체어 내부에 감춰져 있다가 필요할 때 하강한다. 연구팀은 평행 사변형 구조의 독특한 기구구조와 자중보상기술을 적용해 휠체어에 탑승한 상태에서 일어서고, 눕고, 앉은 채로 앞뒤로 기울이고, 좌석 높이 조절까지 5가지 자세 변환이 가능한 장치인 스탠딩 모듈을 개발했다. 자중보상기술을 통해 필요 토크를 최대 80%까지 저감해 작고 가벼운 스탠딩 모듈을 구현할 수 있었다. 이번에 개발한 로봇 휠체어는 계단 오르기와 일어서서 이동하기의 두 가지 기능이 하나의 휠체어에 통합됐을 뿐 아니라 계단 등반 안전성이 크게 향상됐다. 이는 계단을 오르내리는 동안 ㄹ자 형상 크롤러가 계단 모서리와 디딤판을 동시에 지지하기 때문이다. 또 로봇 휠체어에 탑승한 상태에서 다양한 자세로 변환할 수 있어 압력 집중을 해소하고 욕창 방지와 혈액순환 등에 도움을 받을 수 있다. 자세를 변환하는 스탠딩 모듈이 휠체어와 일체형이 아닌, 독립 모듈 구조로 되어 있어 다양한 휠체어에 큰 설계변경 없이 쉽게 결합이 가능하다는 것 또한 큰 장점이다. 연구진은 크롤러를 이용한 계단 등반 기술을 넘어, 원형의 휠만으로 계단을 오를 수 있는 특수 설계 변형 휠 원천기술도 개발했다. 박찬훈 본부장은 “기존 휠체어 기술은 단순한 이동 수단 제공에만 목적이 있었다면, 이번 로봇 휠체어 기술은 하지 장애인이 기존 장애인을 고려하지 않고 설치된 시설 및 인프라까지 모두 활용할 수 있도록 도와드리는 목적으로 개발된 기술”이라며 “향후 장애인 삶의 질 향상에 기여할 뿐만 아니라 인류를 위한 따뜻한 로봇 기술 개발에 더욱 정진하겠다”고 말했다.",https://n.news.naver.com/mnews/article/016/0002205909?sid=105
2023.10.12. 오전 10:52,IT/Science,스포츠경향,"PASS 모바일 운전면허, 금융·공공 부문에서도 신분증처럼 쓴다","‘PASS모바일 운전면허 확인서비스’를 금융·공공·의료 부문에서도 신분증처럼 활용할 수 있게 된다. 통신 3사는 지난달 과학기술정보통신부 신기술·서비스 심의위원회에서PASS모바일 운전면허 확인서비스에 주민등록번호 전체를 포함할 수 있도록 허용하는 내용의 사업계획 변경이 승인됐다고 12일 밝혔다. 따라서PASS앱 이용자들은 높은 수준의 보안이 요구되는 금융·공공·의료 분야에서도 모바일 운전면허 확인서비스를 신분증 대신 사용 가능할 것으로 예상된다. PASS모바일 운전면허 확인서비스는 본인확인, 인증서, 모바일신분증, 전자문서 등으로 구성된 모바일신분증의 하나로, 2020년 6월 출시돼 530만명이 사용 중이다. 통신 3사는 관계 기관과의 협의를 거쳐 이른 시일 안에PASS앱 모바일 운전면허 확인서비스에서 주민등록번호 전체를 활용할 수 있게 할 계획이다. 한편, 통신 3사는PASS모바일신분증에서 신분증의 얼굴 사진을 기반으로 하는 안면인증 기능을 연내 도입할 예정이다. 조진호 기자ftw@kyunghyang. com",https://n.news.naver.com/mnews/article/144/0000918018?sid=105
2023.10.10. 오전 11:47,IT/Science,이코노미스트,"네이버 AI 기술, 공공 분야에도 스며든다…경상북도교육청과 맞손","하이퍼클로바X 활용해 학교지원종합자료실 혁신 네이버의 차세대 초대규모 인공지능 모델 하이퍼클로바X가 교육 분야에도 접목된다. 네이버클라우드는 경상북도교육청과 미래지향적 교육·행정 서비스 혁신을 위한 업무협약을 체결했다고 10일 밝혔다. 네이버클라우드는 네이버 내AI개발을 전담하는 계열사다. 지난 1월 웍스·클로바CIC·파파고·웨일 등 주요AI부서를 네이버클라우드에 통합하면서 생성형AI개발의 효율성을 높이기도 했다. 양 기관은 이번 협약으로 ▲네이버 초대규모AI‘하이퍼클로바X’를 활용한 경상북도교육청의 학교지원종합자료실 초대규모AI서비스 도입 ▲네이버클라우드 기술을 활용한 경북교육 디지털 전환과 새로운 가치 창출 등 다양한 교육 분야에 상호 협력하기로 했다. 경상북도교육청은 2023년을 ‘디지털 전환 원년의 해’로 선포한 바 있다. 행정업무 지원 시스템인 학교지원종합자료실은 해당 정책의 일환으로 추진되는 핵심 사업이다. 학교지원종합자료실에AI기술을 융합, 새로운 서비스를 제공하기 위해 ‘하이퍼클로바X’를 전국 최초로 도입할 계획이다. 네이버클라우드 측은 “하이퍼클로바X를 학교지원종합자료실에 적용, 방대한 데이터를 스스로 인지·학습시킬 예정”이라며 “사용자가 직접 확인할 수 있는 관련 출처 링크를 제공해 정확하고 신속하게 정보를 제공할 수 있다”고 전했다. 김유원 네이버클라우드 대표는 “하이퍼클로바X는 한국의 사회∙문화적 맥락에 대한 높은 이해도와 전문 지식에 대한 학습을 기반으로 개인 및 기업의 생산성 도구로의 활용 가능성이 무궁무진하다”며 “이번 경북교육청과의MOU를 통해 미래 지향적 교육환경 조성을 비롯해 교육 분야에서의 성공적AI혁신 사례를 만들기 위해 노력하겠다”고 말했다. 임종식 경상북도교육청 교육감은 “국내 최고IT기업인 네이버클라우드와 손을 잡고 인공지능을 포함한 디지털 신기술을 선도적으로 도입할 것”이라며 “선생님을 아이들 곁으로의 실천과 학생들이 더욱 나은 디지털 교육환경 속에서 자신을 꿈을 마음껏 펼칠 수 있는 세계 표준이 되기 위해 노력하겠다”고 말했다.",https://n.news.naver.com/mnews/article/243/0000051211?sid=105
2023.10.23. 오후 4:35,IT/Science,동아일보,"“녹내장 환자, 술만 끊어도 실명 위험 37% 낮아진다”","녹내장 환자가 술을 끊으면 실명 위험이 37%가량 낮아진다는 연구 결과가 나왔다. 23일 서울대병원 김영국 교수·서울대 의과대학 윤형진 교수·제주대병원 하아늘 교수 공동연구팀은 국민건강보험공단 데이터를 기반으로 2010~2011년 녹내장을 처음 진단받은 음주자 1만3643명의 음주 습관 변화 여부에 따른 실명 위험도를 2020년까지 추적 분석한 결과를 발표했다. 녹내장은 지나치게 높은 안압 등에 의해 시신경이 손상되면서 시야가 점점 좁아지는 진행성 시신경 질환으로, 주요 실명 원인 중 하나다. 현재 완치 방법이 없어 안압을 떨어뜨리는 약물로 질병이 나빠지는 속도를 늦추는 게 최선이다. 연구팀은 1인 연평균 알코올 섭취량이 8. 3L에 달하는 우리나라에서 음주 습관의 변화가 녹내장 관리에 어떤 영향을 미칠지 주목했다. 연구팀은 연구 대상자들을 녹내장 진단 후 알코올 섭취 여부에 따라 △지속적인 음주자 △금주자 그룹으로 분류했다. 이어 지속적인 음주자 그룹을 주당 알코올 섭취량 105g을 기준으로 △소량 음주자 △과량 음주자로 분류하고, 주당 음주 빈도에 따라서 △저빈도 음주자 △고빈도 음주자로도 분류했다. 연구 대상자 1만3643명 중 2866명은 녹내장 진단 후 술을 끊은 것으로 나타났다. 금주한 환자들은 녹내장 진단 후 음주를 지속한 환자들에 비해 실명할 위험이 37% 낮았다. 금주한 환자와 비교했을 때 과량 음주자는 실명 위험이 약 1. 78배 증가했으며 소량 음주자의 경우에도 약 1. 52배 증가했다. 술을 마시는 빈도도 실명에 영향을 미쳤다. 금주자와 비교했을 때 고빈도 음주자의 경우 실명 발생 위험이 약 2. 5배 더 높았다. 연구를 진행한 김영국 교수는 “녹내장을 새롭게 진단받은 환자들에게 술을 줄이거나 끊도록 하는 생활 습관 개선 권고는 녹내장 관리에서 중요한 부분”이라며 “이번 연구 결과는 생활 습관 교정이 만성질환을 극복하는 데 효과가 있음을 증명해 의미가 있다”고 밝혔다. 이번 연구는 미국 의사협회에서 발행하는 학술지 ‘자마 네트워크 오픈’ 최근호에 게재됐다.",https://n.news.naver.com/mnews/article/020/0003526936?sid=105
2023.10.04. 오후 7:18,IT/Science,국민일보,"‘게임 거장 총출동’…미카미 신지·금강선, G-CON서 만난다","국내 게임 최대 쇼인 ‘지스타’의 부대 강연 프로그램인 ‘G-CON’의 강연자가 공개됐다. 국적을 불문한 화려한 라인업이 눈에 띈다. `4일 지스타조직위원회는 올해G-CON의 대미를 장식할 첫 번째 연사로 ‘바이오 하자드’ 시리즈의 아버지라 불리는 호러 게임 장르의 ‘거장’ 미카미 신지가 맡았다고 밝혔다. 미카미 신지는 일본을 넘어 세계 최고의 게임 개발자이자 크리에이터로서 특히 호러 장르에 한획을 그었다고 평가 받는다. 그는 미국의 게임 전문 웹진 중 하나인 ‘IGN’이 선정한 ‘톱 100 게임 크리에이터’ 순위에서 7위에 오르기도 했다. 미카미 신지의 대표작은 바이오 하자드다. 이 게임은 1996년 첫 출시 이후 현재까지 명성과 인기를 누리고 있다. 시리즈를 거듭할수록 더욱 높아지는 게임 연출력에 극찬을 받아왔다. 그는 이번 강연을 통해 본인만의 게임 개발 철학과 제작자로서의 인생에 관하여 이야기를 전한다. 스마일게이트의 대표 다중접속역할수행게임으로꼽히는 ‘로스트아크’ 금강선 디렉터 역시 올해G-CON의 메인 강연자로 나선다. 금 디렉터는 이용자와의 적극적인 소통으로 국내 게임 개발자로는 이례적으로 높은 인기와 명성을 얻고 있다. 그가 보여준 소통 방식이 국내에서 표본으로 자리잡을 정도다. 금 디렉터는 최근 로스트아크의 신규 군단장 레이드 ‘어둠군단장 카멘’CG시네마틱 트레일러를 직접 기획, 디렉팅했다. G-CON은 다음 달 16일, 17일 양일간 부산 벡스코 컨벤션홀에서 열린다.",https://n.news.naver.com/mnews/article/005/0001642121?sid=105
2023.10.23. 오전 9:41,IT/Science,지디넷코리아,"홈앤쇼핑, ‘중소기업 아이디어 상품 공모전’ 개최","대상 1팀, 우수상 2팀, 특별상 3팀 시상홈앤쇼핑은 지난 20일 서울 강서구 마곡동 본사에서‘2023 홈앤쇼핑 중소기업 아이디어 상품 공모전’을 개최했다고 23일 밝혔다. 올 해로 3회를 맞이한 공모전은 판로확보가 어려운 중소기업 아이디어 상품을 지원해 동반성장을 도모하기 위해 기획됐다. 우수한 아이디어를 뽐낸 팀들 중 6개팀이 수상의 영광을 얻었는데 수상한 팀에게는 총 1천만원의 시상금이 전달됐다. 대상 1팀 300만원, 우수상 2팀 각 200만원, 특별상 3팀 각 100만원 등이다. 대상은 신영스텐의 롤스보일 세라믹 스텐팬으로 상품성을 인정받았다. 우수상에는 이지톡 청소 스틱, 명품이용권과 특별상에는 농민 100% 도토리 칼국수, 곡물밸런스 3종세트, 미드센 프리미엄 프렌치에디션 5단 서랍장 에게 돌아갔다. 홈앤쇼핑은 수상한 기업들에게 상금과 상장 외에도 홈쇼핑 방송기회 부여, 라이브커머스 입점 기회 등 판매 채널을 지원하고, 방송 진행시 판매수수료를 우대하는 등 다양한 혜택을 제공할 예정이다. 홈앤쇼핑 관계자는 “공모전에 참가한 모든 중소기업 및 스타트업을 진심으로 응원하며 해당 기업들 외에도 판로 확보가 어려움을 겪고 있는 중소기업과 함께 성장할 수 있는 기회확보에 대하여 더 많이 고민하겠다”고 말했다.",https://n.news.naver.com/mnews/article/092/0002308714?sid=105
2023.10.11. 오전 3:05,IT/Science,동아일보,[전문가 칼럼]건강한 눈 당연한 것 아냐… 소중함 느끼는 ‘세계 눈의 날’ 되길,"매년 10월 둘째 주 목요일 ‘눈의 날’알콘, 지난해 8만여명 환자 지원 등기관과 협업해 눈 건강 관리 앞장‘몸이 천 냥이면 눈이 구백 냥’이란 말이 무색하게 사람들은 큰 이상을 느끼지 않는 이상 눈 건강에 무심하다. 이에 세계보건기구는 매년 10월 둘째 주 목요일을 ‘세계 눈의 날’로 제정하고 눈 건강의 경각심을 높이고자 다양한 캠페인을 펼치고 있다. 건강한 눈은 당연한 것이 아니다. 너무 당연한 말이지만 태어나면서부터 세상이 선명히 보이던 대다수의 사람에게 와닿는 말은 아닐 것이다. 하지만 곰곰이 생각해보면 이미 안경이나 콘택트렌즈를 착용하고 시력 교정술이나 백내장 수술을 한 사람들을 우리 주변에서 흔히 볼 수 있다. 실제로 전 세계적으로 약 15%의 인구에 해당하는 11억 명 이상이 시력 장애를 가지고 살아가고 있다. 문제는 시력 장애를 가진 사람들조차 본인의 눈 건강을 우선순위에 두지 않는다는 점이다. 그리고 이를 인식하더라도 건강한 눈을 유지하거나 회복하기 위한 인프라가 잘 구성돼 있지 않은, 치료 접근성이 떨어지는 지역에 살고 있는 경우도 많다. 시력 장애를 가지고 살아가는 사람들의 90%는 치료 가능하거나 예방할 수 있는 경우지만 이를 방치하거나 방치할 수밖에 없는 상황이 계속되는 것이다. 실로 안타까운 일이다. 이러한 관점에서 세계 눈의 날은 지역사회의 눈 건강을 제고할 수 있는 좋은 기회다. 치료되지 않은 채 방치되는 시력 장애가 사회 전반에 미치는 부정적 영향을 고려한다면 눈 관리에 대한 지역사회의 접근성을 보장하는 일은 매우 가치 있다. 시력 장애를 가진 사람 10명 중 9명은 중하위 소득층이다. 그리고 오지에 살거나 여성, 노인, 혹은 이미 다른 장애를 겪고 있는 사회적 약자들에게 시력 장애가 더 많이 발병하는 경향이 있다. 시력 손상이나 실명과 같은 시력 장애로 인한 생산성 손실은 전 세계적으로 약 4107억 달러의 비용을 발생시킨다. 종합해 본다면 이들을 대상으로 시력 장애와 관련된 지역사회의 치료 접근성을 보장하는 일은 단순히 시력 개선의 의미를 넘어서 사회 전반적으로 긍정적인 나비효과를 불러일으킬 수 있음을 의미한다. ‘알콘’은 안과 질환 분야의 글로벌 리더로서 전 세계의 파트너들과 함께 모든 지역사회에서 눈 건강 관리를 시작하고 또 지속함으로써 모든 사람이 선명한 시야로 밝은 세상을 볼 수 있도록 돕기 위해 노력 중이다. 특히 눈 관리의 지속성을 보장하기 위해선 제품이나 장비를 기부하는 활동뿐 아니라 교육의 중요성에 대해서도 깊이 공감해 다양한 교육 프로그램을 제공하고 있다. 실제로 알콘은 한국을 포함한 전 세계 10개 지역에 위치한 ‘알콘 익스피리언스 센터’에서 안과 전문의들이 백내장 수술의 표준 치료인 수정체 유화술을 포함한 눈 관련 수술 과정에 있어 전문성을 강화할 수 있도록 지원하고 있다. 이외에도 2022년 한 해 동안 2만1000건 이상의 수술과 7만8000명 이상의 환자를 지원하는 등 229개의 글로벌 의료 미션을 수행하기도 했다. 알콘은 2025년까지 다양한 후원 및 트레이닝 프로그램을 통해 백내장을 치료받지 못한 중하위 소득 국가 500만 명의 환자를 지원하고 이를 위해 다양한 기관과 협업을 확대해 나갈 계획이다. 그 일환으로 한국에서도 한국실명예방재단과 함께 안과 질환 조기 검진과 치료를 위해 안과 의료 서비스의 접근성이 낮은 취약 지역의 60대 이상 어르신들을 위한 무료 눈 건강 검진 사업을 후원하고 있다. 눈 건강 관리는 장기적으로 지속돼야 하며 알콘의 힘만으로는 불가능하다. 알콘과 함께 힘을 합치는 파트너들의 동행이 중요하다. 알콘 또한 인류의 밝은 시야에 헌신하겠다는 사명을 이뤄 나갈 수 있도록 노력할 것이다. 무엇보다 개인 스스로가 눈 건강에 대해 경각심을 갖고 눈을 소중히 대해 주기를 간곡히 바라는 바다. 눈은 우리가 경험하는 세상을 결정하고 이러한 경험은 결국 본인의 삶을 좌우한다. 건강한 눈은 결코 당연한 것이 아니다. 세계 눈의 날을 맞아 눈의 소중함에 대해 다시 한번 생각해보는 시간이 되길 바란다.",https://n.news.naver.com/mnews/article/020/0003524737?sid=105
2023.10.16. 오후 6:53,IT/Science,아시아경제,"방심위, '김만배 녹취록' 인용 보도한 MBC·부산저축銀 봐주기 보도 JTBC에 과징금","방송통신심의위원회는 16일 전체 회의를 열고 뉴스타파 김만배 씨 녹취록을 인용 보도한MBC의 '뉴스데스크'와'PD수첩'에 대해 '과징금 부과'를 확정했다. 부산저축은행 사건 관련 봐주기 수사 의혹을 제기한JTBC에도 과징금 부과를 최종 결정했다. 방심위 결정은 '문제없음', 행정지도 단계인 '의견제시'와 '권고', 법정 제재인 '주의', '경고', '프로그램 정정·수정·중지나 관계자 징계', '과징금'으로 구분된다. 법정 제재부터는 방송사 재허가·재승인 시 감점 사유로 적용돼 중징계로 인식된다. 과징금 액수는 차기 전체 회의에서 논의될 예정이며, 결정되면 방송통신위원회가 방심위 의결 내용에 기반해 한 번 더 의결한 뒤 확정된다. 이밖에 방심위는 뉴스타파 인용 보도를 한TBSFM'김어준의 뉴스공장'에 대해서는 '관계자 징계'를, 같은 방송사 '신장식의 신장개업'과MBC표준FM'김종배의 시선집중',YTNFM'이동형의 뉴스! 정면승부'에 대해서는 '주의'를 의결했다.",https://n.news.naver.com/mnews/article/277/0005326791?sid=105
2023.10.06. 오후 4:22,IT/Science,전자신문,"방송미디어공학회, '확산 기술 워크숍' 연다","한국방송미디어공학회는 오는 12일에 2023년 확산 기술 워크숍을 개최한다고 6일 밝혔다. 워크숍은 미디어콘텐츠의 생태계의 혁신을 가져오고 있는 생성형 인공지능을 바탕으로 한 미디어 지능화 기술, 다감각 기반의 휴먼 센싱과 경험증강 기술 및 실감 및 공간 기반의 휴먼 인터렉션 기술 등으로 꾸려졌다. 박구만 조직위원장은 “인공지능 기술이 산업현장, 경제와 일상 속으로 확산하고 있다”며 “차세대 휴먼 미디어와 인터페이스 역할이 중요해지고 있다”고 했다.",https://n.news.naver.com/mnews/article/030/0003142361?sid=105
2023.10.11. 오후 10:19,IT/Science,전자신문,모빌리티 혁신에 따른 미래 국토도시의 모습,전자신문과 대한교통학회가 공동 주최한 2023 전자신문·대한교통학회 모빌리티 포럼이 11일 부산 벡스코에서 열렸다. 김정민 카카오모빌리티AI연구개발팀 박사가 '모빌리티 혁신에 따른 미래 국토도시의 모습'에 대해 기조강연 하고 있다.,https://n.news.naver.com/mnews/article/030/0003144047?sid=105
2023.10.12. 오후 9:10,IT/Science,국민일보,"스마일게이트 스토브인디, ‘서울XR 페스티벌 - DVF’ 참가","스마일게이트 스토브에서 운영하고 있는 인디 게임 플랫폼 ‘스토브인디’가 ‘2023 서울XR페스티벌 –DMCVRFestival’에 참가한다. 서울XR페스티벌은 오는 14일부터 17일까지 서울 상암DMC일대에서 열리는 케이팝 연계 확장현실 축제다. 이번 행사는 총4개의 행사로 구성됐는데 스토브인디는 ‘2023 서울XR페스티벌 –DMCVRFestival’에 참여한다. DVF에서는 초고화질의 가상현실과 연계해 케이팝 아티스트의 무대를 직접 관람할 수 있는VR콘텐츠를 체험해 볼 수 있고 국내 최신 기술의XR디바이스와 콘텐츠 체험이 가능하다. DVF에는 스마일게이트를 비롯해 벤타브이알,SBS미디어넷,PICO, 스코넥엔터테인먼트, 더팀엔터테인먼트, 클릭트, 슈퍼브이알 등 13개의 유망한VR기업, 기관이 참여한다. 시민들은XR디바이스를 통해 게임, 예술, 영화, 여행 등 콘텐츠를 체험할 기회를 얻는다. 그간 꾸준히VR시장에 투자해온 스토브인디는 이번 행사 기간 동안VR기기 브랜드HTC바이브와 협업,VRHMD와VR콘텐츠 체험 부스를 운영한다. 이곳에서 다양한K-POP음악에 맞춰 즐기는VR리듬게임 ‘댄싱 애로우’ 귀여운 외계인을 무찌르는 슈팅 게임 ‘롤리팡VR’등 캐주얼한VR게임부터 ‘폴리와 함께하는VR교통안전’과 같은 교육 목적의 게임까지 다양한VR게임을 체험해볼 수 있다. 또한 현장에서 직접 기기 구매도 가능하다. 부스 방문객에게는 스토브인디에서 게임 구매 시 사용할 수 있는 할인권과VR매장 할인권을 제공한다.",https://n.news.naver.com/mnews/article/005/0001644036?sid=105
2023.10.05. 오후 2:47,IT/Science,파이낸셜뉴스,"닥사, '가상자산 이용자 보호법' 온라인 설명회 개최","디지털자산거래소 공동협의체는 오는 11일부터 13일까지 3일간 온라인으로 '가상자산 이용자 보호 등에 관한 법률' 설명회를 진행한다고 5일 밝혔다. 설명회는 윤민섭 닥사 정책본부장이 가상자산사업자별 준수해야 할 의무 및 유의 사항 등에 대해 전체 가상자산사업자를 대상으로 진행할 예정이다. 이번 설명회는 가상자산이용자보호법에 대한 설명으로 시작해 사업자 준수사항, 불공정거래 규제 이해 등에 대해 설명하는 영상을 온라인으로 시청하는 방식이다. 이는 시간과 공간에 구애받지 않고, 가상자산업계 임직원의 많은 참여를 독려하기 위함이다. 설명회 영상을 시청하기 위해선 사전 신청이 필요하며,DAXA홈페이지 공지 사항을 통해 신청할 수 있다. 사전 신청자는 개인별로 발송된 메일에 기재된 링크를 통해 오는 11일 오전 9시부터 10월 13일까지 설명회 영상을 시청할 수 있다. 내용에 대한 질의는 13일 오후 3시부터 한 시간 동안 줌 회의를 통해 진행할 질의응답을 통해 문의하면 된다. 김재진 닥사 상임부회장은 “이번 설명회의 취지는 내년 7월부터 시행될 가상자산이용자보호법의 수범자인 전체 가상자산사업자의 의무 이행 준비를 돕고 준법 역량을 함께 강화하기 위한 것”이라며, “닥사 는 앞으로도 가상자산 업계 전반에 긍정적인 영향을 미칠 수 있는 다양한 방안을 마련해 나가겠다”고 밝혔다.",https://n.news.naver.com/mnews/article/014/0005081722?sid=105
2023.10.13. 오후 2:15,IT/Science,전자신문,"뉴로메카-포스코A&C, '포항 공장·신사옥 설계' 맞손","뉴로메카는 포스코A&C와 '포항 공장 및 신사옥 신축설계 계약'을 체결했다고 15일 밝혔다. 양사는 이번 클러스터 구축을 통해, 뉴로메카, 포스코, 포스텍, 한국로봇융합연구원 등 포항 지역에 산학연 연계 대규모 로봇 클러스터를 조성할 계획이다. 박종훈 뉴로메카 대표는 “포항 협동로봇 산업 클러스터 조성에 박차를 가할 것”이라고 했다. 정훈 포스코A&C사장은 “계약을 기점으로 포스코A&C와 뉴로메카의 긴밀한 협력을 기대하고 앞으로 자사의 디자인 역량을 발휘하여 관련 산업에서 눈에 띄는 성과를 보여줄 수 있도록 앞장서겠다”라고 말했다.",https://n.news.naver.com/mnews/article/030/0003144761?sid=105
2023.10.04. 오전 10:46,IT/Science,동아일보,"10년간 달린 데브시스터즈 ‘쿠키런’, 글로벌 누적 매출 1조원 달성","데브시스터즈는 쿠키런IP가 글로벌 누적 매출 1조 원을 달성했다고 4일 밝혔다. 쿠키런IP는 점프와 슬라이드, 2개의 버튼으로 간단하게 플레이할 수 있는 런게임 ‘오븐브레이크’에서 시작했다. 마녀가 쿠키 반죽에 생강가루 대신 생명가루를 넣어 탄생한 ‘용감한 쿠키’가 마녀의 오븐에서 탈출하며 벌어지는 모험 이야기를 담았다. 이후 2013년 ‘쿠키런for카카오’를 국내에 출시하며 모바일 게임을 중심으로 성장했다. 용감한 쿠키를 필두로 다양한 개성과 능력을 가진 쿠키들이 추가되며 쿠키런IP는 서비스 지역 243개국, 누적 유저 2억 명 이상을 보유한 게임 프랜차이즈로 자리 잡았다. 2016년에는 트로피 경기, 떼탈출 등 콘텐츠를 추가한 후속작 ‘쿠키런: 오븐브레이크’를 출시했고 2021년에는 도시 건설과RPG요소를 추가한 ‘쿠키런: 킹덤’을 내놓으며 세계관을 확장했다. 이를 통해IP의 영향력이 커졌고 게임과 굿즈, 출판, 라이선싱 및 제휴 등 ‘원소스멀티유즈’의 기반이 넓어져 매출 상승을 견인했다. 글로벌 경쟁력도 꾸준히 강화하고 있다. 2014년 네이버 메신저 ‘라인’을 통해 ‘라인 쿠키런’을 해외에 출시한 이후 쿠키런: 오븐브레이크의 글로벌 직접 서비스를 추진하는 등 아시아 지역을 중심으로 성장했다. 쿠키런: 킹덤을 통해서는 미국 시장을 공략하며 독일, 영국 등 서구권으로 범위를 넓히기도 했다. 지난해 1월부터 올해 7월까지 쿠키런IP의 해외 매출 비중은 55%다. 데브시스터즈는 쿠키런: 킹덤의 중국 진출을 통해IP의 저변 확대를 이어갈 계획이다. 지난달 23일 2차 테스트를 마무리했으며 현재 사전 예약자는 300만 명을 돌파했다. IP를 활용한 새로운 장르의 게임도 계속해서 출시할 예정이다. 오는 11월 지스타 2023에서 구글 플레이 부스를 통해 출전 계획을 알린 캐주얼 협동 액션 ‘쿠키런: 모험의 탑’부터 퍼즐 어드벤처 ‘쿠키런: 마녀의 성’, 실시간 배틀 ‘쿠키런: 오븐스매시’ 등이다. 플랫폼 변화를 통해 고객 접점을 늘리는 시도도 이어진다. 지난 9월 첫 공개한 트레이딩 카드 게임 ‘쿠키런: 브레이버스’는 실물 카드로 오프라인에서 승부를 겨루는 게임이다. 잠실에 운영 중인 상설 매장과 함께GS25, 이마트, 전국 공인매장 등 판매처를 확보하고 있다. 연내 출시를 목표로 하는 ‘쿠키런: 더 다키스트 나이트’를 통해서는VR 액션 어드벤처 게임에 도전한다.",https://n.news.naver.com/mnews/article/020/0003523609?sid=105
2023.10.10. 오전 10:05,IT/Science,전자신문,"인피니소프트, '이노페이 포스' 출시","인피니소프트는 통합POS'오프라인 이노페이POS시스템'을 출시한다고 10일 밝혔다. 이노페이POS는 표준 신용카드IC결제, 삼성페이 결제 등의 대면 결제를 포함한 비대면 결제를 지원한다. 카드번호 수기결제, 신용카드ARS결제, 신용카드SMS결제 이용 등에 최적화됐다. POS상품관리, 매출현황관리, 현금영수증 발행, 자진발급 등의 다양한 부가 기능을 사용할 수 있다. 온라인과 오프라인을 동시에 운영하는 사업자의 경우 이노페이 결제를 통해 통합으로 정산관리가 가능하여 편리한 매출 관리가 가능하다. 향후 애플페이, 카드사 앱카드,QR/바코드결제, 영수증 문자발송 기능이 추가될 예정이다. 인피니소프트 관계자는 “대면 및 비대면 결제수단을 활용할 수 있는 이노페이POS시스템을 통해 편리하게 노쇼 방지를 위해 사전 예약금 결제 및 대금 청구 수납 업무를 요청할 수 있다”며 “고객에게 편의성을 제공하여 가맹점 매출에 기여할 것”이라고 했다.",https://n.news.naver.com/mnews/article/030/0003143229?sid=105
2023.10.05. 오전 9:28,IT/Science,디지털데일리,"쿠팡, 정규직 통번역사 채용 …신입·경력 30여명 모집","쿠팡이 올해 하반기 사내 전문 통번역사 채용을 실시한다. 쿠팡은 전문 한·영 통번역사 30여명을 정규직으로 채용한다고 5일 밝혔다. 통번역 대학원 한·영 통번역과 수료자 및 졸업자, 통번역 대학교를 졸업하지 않은 현업 통번역 종사자까지 모두 응시 가능하다. 신입과 경력직으로 지원할 수 있다. 통번역사로 채용된 인재는 쿠팡에서 회의 동시통역과 번역 업무를 수행할 예정이다. 유통·물류뿐만 아니라 인공지능·온라인동영상서비스 등 다양한 비즈니스를 경험해볼 수 있다. 쿠팡은 통번역사의 경력과 배경을 고려해 근무 조직 배정을 하지만, 순환 근무로 여러 사업 분야 경험이 가능하다. 특정 사업 분야에 대한 이해가 없더라도 쿠팡이 마련한 교육 프로그램으로 통번역이 필요한 분야의 전문성을 기를 수 있다. 채용 전형 절차는 ▲서류 전형 ▲전화 면접 ▲통번역 시험 ▲화상 면접 순으로 진행된다. 면접은 모두 온라인으로 진행되고 통번역 시험에는 번역과 순차·동시 통역이 포함된다. 시험은 번역은 1시간, 통역은 30분~1시간 정도로 약 2시간가량 온라인에서 진행한다. 이번 채용은 상시 채용이며 모집 완료 시 마감된다. 쿠팡은 그동안 로켓배송 성장과 함께 프리랜서나 계약직·파견직 중심 통번역 고용시장에 정규직 채용을 활성화했다는 평가를 받고 있다. 현재 150여명 통번역사가 정규직으로 근무하고 있으며, 북남미·유럽·아시아 출신 글로벌 인재들과 협업한다. 쿠팡 측은 “쿠팡의 수많은 통번역사들이 글로벌IT·유통·물류· 비즈니스는 물론 다양한 전문 분야를 배우고 도전하고 있다”며 “빠르게 성장하고 싶은 인재들에게 좋은 커리어 기회가 될 것”이라고 전했다.",https://n.news.naver.com/mnews/article/138/0002157948?sid=105
2023.10.19. 오전 10:10,IT/Science,이데일리,"아미코젠, 차세대 항체 정제용 리간드 개발 성공","바이오 소부장 기업 아미코젠은 차세대 항체 정제용 리간드 개발에 성공하여 2건의 특허 출원을 마쳤다고 19일 밝혔다. 기존 1세대 항체 정제용 리간드의 경우pH2. 5~3. 5 사이에서 항체가 떨어져 나오는데, 이때 낮은pH에서 용출된 항체는 응집·침전돼 생산수율이 낮아지고 품질이 저하되는 문제가 있다. 아미코젠은 이런 문제점을 해결하기 위해pH4. 0에서 높은 수율로 용출되는 차세대 리간드 개발에 성공했다고 설명했다. 이번 특허 출원으로 경쟁사들과 기술격차를 벌려 글로벌 항체 정제용 레진시장 진입을 더욱 가속화할 계획이다. 항체 정제용 레진은 항체와 결합할 수 있는 리간드와 리간드를 고정화하는 담체를 이용하여 만든다. 리간드는 레진 성능의 핵심지표인 항체결합용량, 용출효율, 알칼리 내성을 결정한다. DBC와 용출 효율은 항체를 얼마나 높은 수율로 회수할 수 있는지를 나타내고, 알칼리 내성은 레진 세척에 사용되는 알칼리 성분에 얼마나 잘 견딜 수 있는지를 나타낸다. 아미코젠은 자사의 ‘유전자진화’ 기술을 적용해 프로틴A 리간드를 개량한 결과, 기존 리간드에 비해서pH4. 0에서 용출효율이 50% 증가, 항체 결합력은 100% 증가, 알칼리 내성은 80% 증가한 차세대 리간드를 개발했다. 해당 지표들이 높을수록 정제과정에서 항체 회수율 높아 생산 비용 절감에 핵심적인 요인이다. 박철 아미코젠 대표이사는 “국내 뿐만 아니라 글로벌 바이오의약품 업계에서는 다양한 항체 정제용 레진 개발을 요구하고 있고, 당사는 유전자진화기술을 바탕으로 이러한 요구에 빠르게 대응해 왔다”며 “바이오의약품 생산을 위한 세포 배양 기술은 나날이 발전하는 반면 레진 기술은 더딘 편이다. 당사는 연구개발을 통해 리간드의 핵심 지표들이 월등히 향상된 차세대 리간드를 개발하였다. 앞으로, 고객사의 항체 정제수율과 정제속도를 높이고 품질개선에 크게 기여하게 될 것으로 기대된다”고 말했다. 아미코제는 리간드를 상업화해 국내외 바이오업체에 공급하고 있다. 이번 특허 출원은 리간드 기술 보호 뿐만 아니라 항체 맞춤식 리간드 개발 기술력에 대한 자신감을 드러내는 것이라는 게 회사측 설명이다. 박 대표는 “레진 성능을 획기적으로 향상시키고 6000억원 규모의 리간드 시장에도 본격적으로 진출할 계획”이라고 덧붙였다. 아미코젠은 지난 10여년간 리간드와 담체 기술을 내재화해 레진을 개발, 바이오 벤처 기업, 중소·중견 바이오 기업에 공급하고 있다. 아미코젠 관계자는 “레진은 바이오의약품의 생산 수율을 결정하는 핵심 소재다. 최근 바이오시밀러 뿐만 아니라 신약의 가격경쟁력이 대두됨에 따라 국내 바이오회사들의 공급 문의가 지속되고 있다. 당사 레진은 이미 고객사 테스트를 통하여 경쟁사 이상의 품질을 확인하였고 올 해 말 여수 레진 공장이 완공되면 내년부터 본격적인 공급을 시작할 수 있을 것”이라고 강조했다.",https://n.news.naver.com/mnews/article/018/0005599225?sid=105
2023.10.06. 오전 8:08,IT/Science,연합뉴스,"신개념 양자컴퓨터 초읽기, '전자스핀 큐비트' 개발","기초과학연구원 안드레아스 하인리히 양자나노과학 연구단장이 5일 이화여대 연구협력관에서 기자간담회를 열고 국제공동연구를 통해 세 개의 전자스핀으로 여러 개의 큐비트 시스템을 구현하는 데 성공한 연구 결과를 발표하고 있다. 이번 연구는 고체 표면 위 단일 원자 전자스핀을 이용하는 방식으로 지금까지 나온 양자비트 중 가장 작아, 작은 공간에 집적회로를 구성하는 등 다양한 장점을 가져 양자컴퓨터의 새로운 가능성을 열었다는 평가다. 연구성과는 세계 최고 권위의 학술지인 '사이언스'에 6일 게재됐다. 2023. 10. 6scoop@yna. co. kr",https://n.news.naver.com/mnews/article/001/0014242292?sid=105
2023.10.16. 오전 9:32,IT/Science,머니S,"SK텔레콤, 메타버스 '이프랜드'에 경제 시스템 도입","이프랜드 재화 '스톤' 도입… 콘텐츠 매매  후원 등으로 생태계 선순환 기대기존 대비 콘텐츠 5배 이상 확대SK텔레콤이 메타버스 서비스 '이프랜드'에 서비스 활성화를 위한 경제시스템을 본격 도입하고, 1만6000여 개의 신규 프리미엄 콘텐츠를 추가했다고 16일 밝혔다. 이프랜드에서 사용 가능한 아이템은 기존 4000여 종에서 총 2만여종으로 5배 이상 늘었다. SK텔레콤은 본격적인 이프랜드 수익 구조 정립을 위해 유료 재화 '스톤'을 도입했다. '스톤'은 앱스토어에서 인앱결제로 구매 가능하며, 무료 재화 '포인트'는 기존과 동일하게 출석, 미션 수행, 이벤트 참여로도 획득할 수 있다. 소장 가치가 높은 차별화 아이템 구매 및 호스트 후원에 사용할 수 있으며 특정 이프홈을 방문하거나, 이프스퀘어에서 열리는 대규모 밋업 행사에 참여해 호스트를 후원하는 것도 가능하다. 무료 재화 '포인트'는 기본 아이템 구매 등에 활용할 수 있다. SKT는 포인트로만 구매하거나 참여할 수 있는 상품이나 이벤트를 별도 구성해 이프랜드를 자주 이용하는 고객들에게 재미요소로 제공할 계획이다. 이번 경제시스템 도입으로 이프랜드 인플루언서들은 이프홈과 이프스퀘어에서 열리는 '밋업' 행사를 통해 '스톤'으로 후원을 받아 수익을 올릴 수 있게 됐다. 코스튬 등 아이템 제작을 통해서도 수익 창출이 가능하다. 크리에이터들은 코스튬을 이프랜드 스튜디오를 통해 제작하고, 이프랜드의 자체 심사를 거쳐 코스튬 상점에 업로드해 수익을 거둘 수 있다. SK텔레콤은 이프랜드 속 이용자의 개인공간인 이프홈을 위한 캠핑과 파티, 우주, 최신 유행 홈스타일링 등 4가지 테마 맞춤형 아이템과 모션 상품을 추가했다. 유명 아이돌의 안무, 이프랜드나 다른SNS에 공유할 수 있는 챌린지 및 밈, 친구들과의 메타버스 속 대화를 보다 풍성하게 만들어줄 감정 표현 등 다양한 모션 아이템들을 이프랜드에서 이용할 수 있게 됐다. K팝 스타를 볼류메트릭으로 만나는 서비스도 본격 도입됐다. 걸그룹 시크릿넘버 멤버 6명과 보이그룹 킹덤 멤버 7명의 볼류메트릭 피규어를 우선 선보이며 이후 다른 그룹들도 선보일 계획이다. 세븐일레븐과 메가커피 등 개별 브랜드 특화 아이템도 이번 업데이트에 적용됐다. 럭셔리 패션 브랜드부터 글로벌 아트 컴퍼니 핀즐까지 다양한IP들과의 제휴를 통한 색다른 아이템들도 도입된다. SK텔레콤은 이프랜드와 대체불가토큰 마켓플레이스 '탑포트'의 연동을 통해 이프랜드에NFT아이템들을 대거 도입했다. 이프랜드에서NFT아이템 구매하면 아바타의 코스튬이나 이프홈의 장식품으로 사용할 수 있다. 구매한NFT아이템은 이프랜드에서 사용하는 것 이외에도 새로 선보이는 웹3 지갑 T월렛에 보관 및 조회할 수 있다. 신규 프리미엄 콘텐츠와 경제시스템 런칭을 맞아 다양한 행사와 이벤트를 개최한다. 이프랜드 이용자들이 테마에 맞는 밋업, 이프홈 꾸미기, 코스튬 활용 등을 통해 서비스를 경험해볼 수 있도록 '테마위크'를 2~3주간 진행한다. 양맹석SK텔레콤 메타버스CO담당은 ""이번 경제시스템 도입은 이프랜드에 프리미엄 콘텐츠 제작과 소비가 함께 이뤄지는 선순환 구조를 만들기 위한 것""이라며 ""앞으로도 크리에이터들과 함께 사용자에게 풍부한 고품질 콘텐츠를 제공하는 성장하는 메타버스 플랫폼을 만들겠다""고 밝혔다.",https://n.news.naver.com/mnews/article/417/0000955128?sid=105
2023.10.10. 오전 10:00,IT/Science,뉴스1,"SKT, 부산엑스포 유치 지원 위해 에펠탑 앞 UAM 날개 펼쳤다",=SK텔레콤이 프랑스 파리 에펠탑 인근 센강 선착장과 선상에서 '플라이 투 부산'을 주제로 도심항공교통 체험 공간을 운영한다고 10일 밝혔다. 부산시와SK가 공동 개최한 이번 행사는 에펠탑을 찾은 관광객들과 파리 시민에게 부산의 매력과 2030부산세계박람회를 소개하기 위해 마련되었으며 10일까지 계속된다.  2023. 10. 10/뉴스1,https://n.news.naver.com/mnews/article/421/0007098717?sid=105
2023.10.06. 오후 5:57,IT/Science,지디넷코리아,"실손보험 청구 간소화법, 국회 본회의 통과…의원급‧약국은 2년 유예","보건의약단체, 보험사 이익만 대변…환자‧시민사회단체, 의료민영화의 초석 비난실손보험 청구 간소화법이 국회 본회의를 통과했다. 국회는 6일 본회의를 열고 이 같은 내용이 담긴 보험업법 일부개정법률안을 의결했다. 실손보험 청구 간소화법은 2009년 국민권익위원회가 실손보험 청구 절차 개선을 권고하며 논의가 시작됐다. 현재 실손보험금을 청구하기 위해서는 환자가 병원 등 요양기관에서 진료내역서 등을 발급받아 보험에 제출하도록 하고 있는데, 개정안이 시행되면 병원이 환자 진료내역서 등을 전자문서 형태로 제 3의 중개기관을 거쳐 보험사에 보내 보험금을 받도록 절차가 간소화된다. 개정 법안은 공포 1년이 경과한 날부터 시행되며, 30병상 미만의 의원급 의료기관과 약국 등에 대해서는 2년까지 유예 기간을 뒀다. 이번에 실손보험청구 간소화 법안이 통과됨에 따라 디지털플랫폼정부위원회에서 환자의 청구 서류를 병원과 보험사 사이에서 중계하는 제3의 중개기관 선정 등 구체적인 논의가 진행될 것으로 보인다. 중개기관으로 건강보험심사평가원과 보험개발원이 거론되고 있으나 보건의약계 등의 반발이 있어 어려움이 예상된다. 보건의약계에서는 실손보험 청구 간소화 법안이 보험사의 이익만을 대변하는 것이라며 이법 법안의 통과를 강하게 비난하고 있다. 6일 대한의사협회·대한병원협회·대한치과의사협회·대한약사회는 “실손보험 청구 간소화 관련 보험업법 개정안이 오늘 국회와 정부가 합심하여 미리 짜놓은 민생법안 처리라는 각본대로 본회의에서 의결을 강행해 통과돼 참담함을 이루 다 말할 수 없다”며 “이전부터 보건의약계와 시민단체의 목소리와 제언은 철저히 무시한 채 오직 금융위원회의 근거 없는 주장에만 귀를 기울여 국회 법제사법위원회 소위원회부터 본회의까지 보건의약계와 충분한 논의도 없이 통과시켰다”며 강하게 반발했다. 4개 보건의약단체는 “법제사법위원회 논의 당시 여야 의원들이 법안의 문제점을 충분히 제기하고 재논의가 필요하다는 의견에도 불구하고 금융위원회는 의료기관이 직접 보험사로 정보 전송을 하기 위해서는 300만개의 회선이 필요함에 따라 천문학적인 비용이 필요하기에 현실적으로 어렵다는 등 잘못된 정보로 위원들을 호도했다”며 “보건의약계는 보험업법 개정안이 결국 국민의 편의성 확보라는 탈을 쓰고 축적된 의료정보를 근거로 보험사가 지급 거절, 가입 거부 등의 명분으로 작용할 수 있는 등 문제가 있다”고 우려했다. 특히 보험업법 개정안의 의료법 상충 문제 등 별도의 법률검토를 통한 위헌소송을 진행해 법안의 문제점에 대해 지속적으로 국민에게 알려 환자의 진료정보가 무분별하게 전자적 형태로 보험사에 넘어가는 것을 끝까지 막을 것이라고 강조했다. 4개 보건의약단체는 ▲대통령령으로 정하는 전송대행기관은 정보 누출에 대한 관리와 책임이 보장된 기관으로 엄격히 정하되, 관의 성격을 가진 건강보험심사평가원과 보험료율을 정하는 보험개발원은 제외 ▲국민의 편의 증진을 위해 보험금 청구 방식 서식·제출 서류 등의 간소화와 전자적 전송 방식을 위한 인프라 구축 비용뿐만 아니라 전담인력, 자료전송 등 지속적으로 발생되는 비용에 대한 지원 구체화 ▲의료기관이 직접 보험사로 전송하거나 대행기관으로 전송하는 방식 중 편리한 방법을 이용할 수 있는 기전 보장 ▲요양기관에 제기될 수 있는 보험금 지연지급 및 미지급 등에 대한 환자의 민원 방지책 마련 등을 요구하며, 이러한 요구가 수용되지 않을 경우 “보건의약 종사자들이 스스로 나서 보험사에 정보를 전송하지 않는 최악의 보이콧 사태가 벌어질 수 있다”고 밝혔다. 환자단체와 의료민영화 저지와 무상의료 실현을 위한 운동본부 등 보건시민사회단체도 강하게 반발하고 나섰다. 6일 이들은 본회의에 앞서 ‘민영보험사 이윤을 위해 국민건강보험을 약화시키는 개인의료정보 전자전송법 본회의 처리 규탄한다’는 제목의 공동성명을 통해 의료민영화의 초석이라고 주장했다. 특히 “소위 ‘실손보험 청구 간소화법’이 황당하게도 민생 법안으로 분류돼 처리된다고 하는데 국회가 말하는 ‘민생 법안’이 무엇인지 알 수 있을 것 같다. 대부분 재벌인 민영보험사들이 14년 넘게 요구해 온 법안이 민생 법안이라면 재벌 기업들의 이윤 추구를 민생으로 보는 것”이라며 “실손보험으로 지난해에만 1조 5천억여 원의 손실을 봤다는 민영보험사들이 전자적 청구 간소화로 보험금을 더 지급해 주겠다는 것은 모순”이라고 지적했다. 또 “국민 대다수는 의료데이터가 민감한 개인정보로 민영보험사가 아니라 ‘정부 부처·공공기관’이 보관해야 한다고 생각하는 것으로 나타났다. 기업의 개인정보 유출 사건도 해마다 늘어 김종민 더불어민주당 의원 국정감사 자료에 따르면, 2020년 8월부터 올 7월까지 3년 동안 기업에서 유출된 누적 개인정보 수가 6505만 2천건에 달하는 것으로 나타났고, 지난 3년간 개인정보위원회의 기업 과징금‧과태료 부과 중 61%가 개인정보 유출로 나타났다”며 “개인의료정보 전자 전송이 가능해지면 민영보험사들이 수집·축적하는 개인의료정보들도 이런 유출에 노출될 수 있다. 유출, 악용, 오용되더라도 처벌은 솜방망이이고 처벌 하한도 없어서 민영보험사들은 기대 수익에 비하면 새 발의 피에 불과할 벌금, 과태료 쯤은 겁내지 않는다”고 주장했다. 보건시민사회단체는 “지금까지 이들은 실손보험, 건강관리서비스 허용, 수천만 명의 환자데이터 확보 등을 위해 분투해 왔고 또 이뤄냈다. 민영보험사들의 궁극적 목표는 건강보험 대체, 즉 의료민영화로 이 법의 통과는 이를 위한 커다란 한 걸음을 내딛는 것”이라며 “시민사회·노동 단체들과 환자단체들이 시종일관 법안에 반대했음에도 끝까지 무시하는 윤석열 정부와 여당, 국회에 분노를 표하며, 민주당도 민영보험사 편에서 환자와 국민에게 피해를 줬다는 비난에서 자유로울 수 없다”고 강조했다.",https://n.news.naver.com/mnews/article/092/0002307150?sid=105
2023.10.04. 오후 1:41,IT/Science,전자신문,"2023 영광 e-모빌리티 엑스포, 6~9일 개최","한국스마트이모빌리티협회는 2023 영광e-모빌리티 엑스포를 오는 6~9일 4일간 대마 전기자동차산업단지 내 영광 지식산업센터 일원에서 개최한다. 이번 엑스포는 산업통상자원부, 전라남도, 영광군 등이 공동으로 주최한다. 이번 엑스포는'미래로 도약하는 슬기로운 이동 수단e-모빌리티'를 주제로 30개국 155개 기관·업체가 400여개의 부스로 참가하고 약 15만 명이 참가할 예정이다. 특히,e-모빌리티 제품 전시·할인판매, 시승 체험, 경품추첨, 로봇·드론·자율주행 체험, 블랙이글스 에어쇼, 미래인재 과학축전, 문화예술공연 등 다양한 행사가 진행돼 관람객들의 눈길을 사로잡을 것으로 기대된다. 협회는 2018년부터 총 3회의 엑스포 주최 경험을 바탕으로 국내 참가기업 섭외·홍보, 해외 참가기업 수출상담회 유치·홍보, 시승 체험장 운영, 경품추첨 등 세부 행사계획을 수립해 엑스포 운영 전반을 총괄할 계획이다. 주영진 회장은 “e-모빌리티 관련 기업들이 한자리에 모일 수 있는 2023 영광e-모빌리티 엑스포가 성공리에 개최되기를 바란다”라면서 “e-모빌리티 산업이 성장할 수 있는 계기가 되길 기대한다”라고 전했다.",https://n.news.naver.com/mnews/article/030/0003141517?sid=105
2023.10.04. 오후 5:30,IT/Science,헤럴드경제,삼성바이오로직스 생산 모더나 코로나19 변이 대응 백신 첫 출하,"모더나는 자사 코로나19 백신인 ‘스파이크박스 엑스주’를 4일 첫 출하했다고 밝혔다. 스파이크박스 엑스주는 삼성바이오로직스에서 전량 위탁생산한다. 스파이크박스 엑스주는 12세 이상 청소년 및 성인을 대상으로 사스코로나바이러스의XBB. 1. 5하위변이에 대응한 백신. 9월 26일 식품의약품안전처로부터 긴급사용 승인을 받았다. 2023-2024 예방접종 시즌을 위해 각국 규제 기관과 국제 공중보건 기관들은 코로나19 백신을XBB. 1. 5변이를 포함한 단가 백신으로 업데이트할 것을 권고했다. 모더나는 자사 백신이XBB하위계열 변이에 더불어BA. 2. 86,EG. 5와FL. 1. 5. 1변이에 대한 중화항체 반응을 확인하는 임상 데이터를 발표한 바 있다. 안전성 프로파일은 기존 스파이크박스주와 유사한 수준으로 나타났다. 모더나는 새롭게 업데이트된 코로나19 백신인 스파이크박스 엑스주를 오는 19일부터 시작되는 정부의 23~24 동절기 코로나19 예방을 위한 백신 접종계획에 맞추어 국내에 공급할 계획이다.",https://n.news.naver.com/mnews/article/016/0002205683?sid=105
2023.10.20. 오전 9:13,IT/Science,지디넷코리아,"지마켓-더본코리아, 인기상품 할인 판매","23일부터 29일까지. . . 밀키트·냉동식품 등지마켓과 옥션이 23일부터 29일까지 더본코리아와 함께 ‘지마켓X백종원 콜라보 프로모션’을 진행하고, 인기상품을 특가 판매한다고 20일 밝혔다. 더본코리아가 이커머스와 손잡고 이용권, 밀키트를 함께 구성해 선보이는 것은 이번이 처음이다. 이번 행사에서는 더본코리아 메인 외식 브랜드 이용권·밀키트, 냉동식품 등을 할인가에 선보인다. 먼저 더본코리아가 운영하는 메인 브랜드 이용권을 할인 판매한다. ‘빽다방 1만원 금액권’은 13% 할인된 8천700원, ‘홍콩반점 2만원 금액권’·‘빽보이피자 2만원 금액권’은 각각 15% 할인한 1만7천원에 선보인다. 밀키트·냉동식품도 엄선, 최대 29% 할인가에 공개한다. 백종원 대표 밀키트 브랜드 ‘빽쿡’ 인기 상품을 일괄 9천900원에 판매한다. ‘백종원 빽쿡 빽햄 감자 짜글이 밀키트’, ‘백종원 빽쿡 제주돼지 부대찌개 밀키트’, ‘백종원 빽쿡 매콤 콩나물 불고기 밀키트’, ‘백종원 빽쿡 애호박 고추장찌개 밀키트’ 등이 있다. 상품당 500개 수량 한정 판매하며, 2개 이상 구매 시 무료 배송된다. 냉동 식품으로는 ‘새마을식당 고추장/간장 돼지불고기 4팩’, ‘백종원 인생삼계탕 4팩’, ‘홍콩반점 해물육교자 만두 6봉’, ‘한신포차 낙지볶음 4팩’ 등이 있다. 모두 무료 배송이 적용된다. 또 지마켓은 26일 오후 9시 라이브방송 ‘G라이브’를 통해 전용 상품을 선보이고 구매고객을 대상으로 구매왕 이벤트, 구매 인증 추첨 이벤트도 진행한다. 자세한 내용은 23일 월요일 오전 10시부터 지마켓 메인페이지 상단에서 ‘지마켓 백종원 콜라보 최대 29% 할인!’ 배너를 클릭해 확인 가능하다. 지마켓 전략제휴마케팅팀 박윤진 매니저는 “합리적인 가격에 즐길 수 있는 간편식 수요가 크게 증가하면서 더본코리아 각종 브랜드의 다양한 인기 메뉴를 일주일간 초특가에 선보인다”며 “먹방 컨셉으로 라이브방송도 진행하고, 고객 이벤트도 준비한 만큼 많은 관심 바란다”고 말했다.",https://n.news.naver.com/mnews/article/092/0002308524?sid=105
2023.10.15. 오전 10:34,IT/Science,연합뉴스,"KT, NTT도코모·차이나모바일과 '글로벌 AI 콘퍼런스' 성료","3개 통신사 中 광저우서 개최…'기업AI나아갈 방향' 공동선언 KT는 중국 차이나모바일, 일본NTT도코모와 '글로벌 인공지능 콘퍼런스 2023'을 성공적으로 마무리했다고 15일 밝혔다. 글로벌AI콘퍼런스 2023은 한국, 중국, 일본 통신사업자 협의체인SCFA의 '인공지능 워킹 그룹'이 주관하는 행사로, 작년 서울에 이어 올해는 중국 광저우에서 온오프라인으로 진행됐다. KT는 행사에서 기업-소비자 거래 플랫폼인 '지니버스'의 생성형AI기술을 발표했다. KT와AI반도체 및 초거대 언어모델 분야에서 협력하고 있는 리벨리온과 업스테이지는 각각AI컴퓨팅의 미래,LLM인슈어테크를 소개했다. 차이나모바일은 자체적으로 활용 중인 통합적인AI기술을,NTT도코모는 데이터 기반의 관리에 대한 도전을 주제로 발표했다. 한·중·일 통신사는 함께 집필한 '통신AI산업의 발전을 위한 백서' 발간을 기념해 행사에서 기업들이 나아갈 방향을 공동 선언했다. 주요 내용은 ▲AI기술과 제품 개발에서 공정성·비차별·투명성·해석 가능성의 원칙 준수 ▲ 표준화와 개방형 생태계 통해 자원과 기술 공유 강화 ▲ 책임감 있는AI개발을 위한 사회적 책임 강화 등이다. 이밖에 화웨이는AI를 활용한 혁신적인 컴퓨팅 기반 구축 기술을, 엔비디아는 생성형AI와 아이폰을 주제로 발표를 진행했다. KT배순민 상무는 ""글로벌AI분야의 협력을 강화하기 위한AI콘퍼런스를 계속해서 준비하겠다""고 말했다. jujuk@yna. co. kr",https://n.news.naver.com/mnews/article/001/0014262811?sid=105
